{"moduleName":null,"summaries":[{"symbol":{"__symbol":0,"members":[]},"metadata":{"__symbolic":"class","extends":{"__symbol":1,"members":[]},"members":{"id":[{"__symbolic":"property","decorators":[{"__symbolic":"call","expression":{"__symbol":2,"members":[]},"arguments":[{"originalDataField":"ID","dataField":"id","primary":true,"initValue":"","path":"ID","validRules":[{"type":"required"},{"type":"maxLength","constraints":[36]}]}]}]}],"version":[{"__symbolic":"property","decorators":[{"__symbolic":"call","expression":{"__symbol":2,"members":[]},"arguments":[{"originalDataField":"Version","dataField":"version","initValue":"0001-01-01T00:00:00","path":"Version"}]}]}],"code":[{"__symbolic":"property","decorators":[{"__symbolic":"call","expression":{"__symbol":2,"members":[]},"arguments":[{"originalDataField":"Code","dataField":"code","initValue":"","path":"Code","validRules":[{"type":"maxLength","constraints":[36]}]}]}]}],"title":[{"__symbolic":"property","decorators":[{"__symbolic":"call","expression":{"__symbol":2,"members":[]},"arguments":[{"originalDataField":"Title","dataField":"title","initValue":"","path":"Title","validRules":[{"type":"maxLength","constraints":[1024]}]}]}]}],"location":[{"__symbolic":"property","decorators":[{"__symbolic":"call","expression":{"__symbol":2,"members":[]},"arguments":[{"originalDataField":"Location","dataField":"location","initValue":"","path":"Location","validRules":[{"type":"maxLength","constraints":[1024]}]}]}]}],"geoLng":[{"__symbolic":"property","decorators":[{"__symbolic":"call","expression":{"__symbol":2,"members":[]},"arguments":[{"originalDataField":"GeoLng","dataField":"geoLng","initValue":0,"path":"GeoLng"}]}]}],"geoLat":[{"__symbolic":"property","decorators":[{"__symbolic":"call","expression":{"__symbol":2,"members":[]},"arguments":[{"originalDataField":"GeoLat","dataField":"geoLat","initValue":0,"path":"GeoLat"}]}]}],"updateInfo":[{"__symbolic":"property","decorators":[{"__symbolic":"call","expression":{"__symbol":2,"members":[]},"arguments":[{"originalDataField":"UpdateInfo","dataField":"updateInfo","initValue":"","path":"UpdateInfo","validRules":[{"type":"maxLength","constraints":[36]}]}]}]}]}}}],"symbols":[{"__symbol":0,"name":"ActivityNewEntity","filePath":"./activitynewentity"},{"__symbol":1,"name":"Entity","filePath":"@farris/devkit"},{"__symbol":2,"name":"NgField","filePath":"@farris/devkit"}]}