{"moduleName":null,"summaries":[{"symbol":{"__symbol":0,"members":[]},"metadata":{"type":"string"}},{"symbol":{"__symbol":1,"members":[]},"metadata":{"type":"string"}},{"symbol":{"__symbol":2,"members":[]},"metadata":{"__symbolic":"class","extends":{"__symbol":3,"members":[]},"members":{"loadList1":[{"__symbolic":"method","decorators":[{"__symbolic":"call","expression":{"__symbol":4,"members":[]},"arguments":[{"name":"loadList1","params":{}}]}]}],"remove1":[{"__symbolic":"method","decorators":[{"__symbolic":"call","expression":{"__symbol":4,"members":[]},"arguments":[{"name":"remove1","params":{"id":"{DATA~/data-grid-component/id}"},"paramDescriptions":{"id":{"__symbol":0,"members":[]}}}]}]}],"loadCard1":[{"__symbolic":"method","decorators":[{"__symbolic":"call","expression":{"__symbol":4,"members":[]},"arguments":[{"name":"loadCard1","params":{"id":"{DATA~/data-grid-component/id}","frameId":"detail-form-component"},"paramDescriptions":{"id":{"__symbol":1,"members":[]},"frameId":{"type":"string"}}}]}]}],"add1":[{"__symbolic":"method","decorators":[{"__symbolic":"call","expression":{"__symbol":4,"members":[]},"arguments":[{"name":"add1","params":{}}]}]}],"changePage1":[{"__symbolic":"method","decorators":[{"__symbolic":"call","expression":{"__symbol":4,"members":[]},"arguments":[{"name":"changePage1","params":{"loadCommandName":"loadList1","loadCommandFrameId":"data-grid-component"},"paramDescriptions":{"loadCommandName":{"type":"string"},"loadCommandFrameId":{"type":"string"}}}]}]}]}},"type":{"summaryKind":3,"type":{"reference":{"__symbol":2,"members":[]},"diDeps":[],"lifecycleHooks":[]}}}],"symbols":[{"__symbol":0,"name":"ɵ0","filePath":"./datagridcomponentviewmodel"},{"__symbol":1,"name":"ɵ1","filePath":"./datagridcomponentviewmodel"},{"__symbol":2,"name":"DataGridComponentViewmodel","filePath":"./datagridcomponentviewmodel"},{"__symbol":3,"name":"ViewModel","filePath":"@farris/devkit"},{"__symbol":4,"name":"NgCommand","filePath":"@farris/devkit"}]}