{"moduleName":null,"summaries":[{"symbol":{"__symbol":0,"members":[]},"metadata":{"type":"string"}},{"symbol":{"__symbol":1,"members":[]},"metadata":{"__symbolic":"class","extends":{"__symbol":2,"members":[]},"members":{"edit1":[{"__symbolic":"method","decorators":[{"__symbolic":"call","expression":{"__symbol":3,"members":[]},"arguments":[{"name":"edit1","params":{"id":"{DATA~/detail-form-component/id}","transitionAction":"Edit"},"paramDescriptions":{"id":{"__symbol":0,"members":[]},"transitionAction":{"type":"string"}}}]}]}],"save1":[{"__symbolic":"method","decorators":[{"__symbolic":"call","expression":{"__symbol":3,"members":[]},"arguments":[{"name":"save1","params":{}}]}]}],"cancel1":[{"__symbolic":"method","decorators":[{"__symbolic":"call","expression":{"__symbol":3,"members":[]},"arguments":[{"name":"cancel1","params":{}}]}]}]}},"type":{"summaryKind":3,"type":{"reference":{"__symbol":1,"members":[]},"diDeps":[],"lifecycleHooks":[]}}}],"symbols":[{"__symbol":0,"name":"ɵ0","filePath":"./detailformcomponentviewmodel"},{"__symbol":1,"name":"DetailFormComponentViewmodel","filePath":"./detailformcomponentviewmodel"},{"__symbol":2,"name":"ViewModel","filePath":"@farris/devkit"},{"__symbol":3,"name":"NgCommand","filePath":"@farris/devkit"}]}