{"moduleName":null,"summaries":[{"symbol":{"__symbol":0,"members":[]},"metadata":{"__symbolic":"class","extends":{"__symbol":1,"members":[]},"members":{"close1":[{"__symbolic":"method","decorators":[{"__symbolic":"call","expression":{"__symbol":2,"members":[]},"arguments":[{"name":"close1","params":{"url":"","params":""}}]}]}]}},"type":{"summaryKind":3,"type":{"reference":{"__symbol":0,"members":[]},"diDeps":[],"lifecycleHooks":[]}}}],"symbols":[{"__symbol":0,"name":"RootViewmodel","filePath":"./rootviewmodel"},{"__symbol":1,"name":"ViewModel","filePath":"@farris/devkit"},{"__symbol":2,"name":"NgCommand","filePath":"@farris/devkit"}]}