{"moduleName":null,"summaries":[{"symbol":{"__symbol":0,"members":[]},"metadata":{"__symbolic":"class","extends":{"__symbol":1,"members":[]},"members":{"code":[{"__symbolic":"property","decorators":[{"__symbolic":"call","expression":{"__symbol":2,"members":[]},"arguments":[{"id":"code","name":"{{gridField_2ab0ad3d-b006-44aa-bac7-b5ec2086eb79_code}}","binding":"code","updateOn":"blur"}]}]}],"title":[{"__symbolic":"property","decorators":[{"__symbolic":"call","expression":{"__symbol":2,"members":[]},"arguments":[{"id":"title","name":"{{gridField_475ee71c-76a9-4d1e-bd62-2112ab7a29e5_title}}","binding":"title","updateOn":"blur"}]}]}],"location":[{"__symbolic":"property","decorators":[{"__symbolic":"call","expression":{"__symbol":2,"members":[]},"arguments":[{"id":"location","name":"{{gridField_46d598fa-a725-4b35-81d5-1a5f6ccd2aa0_location}}","binding":"location","updateOn":"blur"}]}]}]}},"type":{"summaryKind":3,"type":{"reference":{"__symbol":0,"members":[]},"diDeps":[],"lifecycleHooks":[]}}}],"symbols":[{"__symbol":0,"name":"DataGridComponentViewmodelForm","filePath":"./datagridcomponentviewmodelform"},{"__symbol":1,"name":"Form","filePath":"@farris/devkit"},{"__symbol":2,"name":"NgFormControl","filePath":"@farris/devkit"}]}