{"moduleName":null,"summaries":[{"symbol":{"__symbol":0,"members":[]},"metadata":{"__symbolic":"class","extends":{"__symbol":1,"members":[]},"members":{"code":[{"__symbolic":"property","decorators":[{"__symbolic":"call","expression":{"__symbol":2,"members":[]},"arguments":[{"id":"form_code","name":"{{form_code}}","binding":"code","updateOn":"blur"}]}]}],"title":[{"__symbolic":"property","decorators":[{"__symbolic":"call","expression":{"__symbol":2,"members":[]},"arguments":[{"id":"form_title","name":"{{form_title}}","binding":"title","updateOn":"blur"}]}]}],"location":[{"__symbolic":"property","decorators":[{"__symbolic":"call","expression":{"__symbol":2,"members":[]},"arguments":[{"id":"form_location","name":"{{form_location}}","binding":"location","updateOn":"blur"}]}]}],"geoLng":[{"__symbolic":"property","decorators":[{"__symbolic":"call","expression":{"__symbol":2,"members":[]},"arguments":[{"id":"form_geoLng","name":"{{form_geoLng}}","binding":"geoLng","updateOn":"blur"}]}]}],"geoLat":[{"__symbolic":"property","decorators":[{"__symbolic":"call","expression":{"__symbol":2,"members":[]},"arguments":[{"id":"form_geoLat","name":"{{form_geoLat}}","binding":"geoLat","updateOn":"blur"}]}]}]}},"type":{"summaryKind":3,"type":{"reference":{"__symbol":0,"members":[]},"diDeps":[],"lifecycleHooks":[]}}}],"symbols":[{"__symbol":0,"name":"DetailFormComponentViewmodelForm","filePath":"./detailformcomponentviewmodelform"},{"__symbol":1,"name":"Form","filePath":"@farris/devkit"},{"__symbol":2,"name":"NgFormControl","filePath":"@farris/devkit"}]}