{"moduleName":null,"summaries":[{"symbol":{"__symbol":0,"members":[]},"metadata":{"__symbolic":"error","message":"Lambda not supported","fileName":"projects\\bo-activitynewfront\\src\\app\\activityformnew\\viewmodels\\statemachine\\rootviewmodelstatemachine.ts"}},{"symbol":{"__symbol":1,"members":[]},"metadata":{"__symbolic":"error","message":"Lambda not supported","fileName":"projects\\bo-activitynewfront\\src\\app\\activityformnew\\viewmodels\\statemachine\\rootviewmodelstatemachine.ts"}},{"symbol":{"__symbol":2,"members":[]},"metadata":{"__symbolic":"error","message":"Lambda not supported","fileName":"projects\\bo-activitynewfront\\src\\app\\activityformnew\\viewmodels\\statemachine\\rootviewmodelstatemachine.ts"}},{"symbol":{"__symbol":3,"members":[]},"metadata":{"__symbolic":"error","message":"Lambda not supported","fileName":"projects\\bo-activitynewfront\\src\\app\\activityformnew\\viewmodels\\statemachine\\rootviewmodelstatemachine.ts"}},{"symbol":{"__symbol":4,"members":[]},"metadata":{"__symbolic":"error","message":"Lambda not supported","fileName":"projects\\bo-activitynewfront\\src\\app\\activityformnew\\viewmodels\\statemachine\\rootviewmodelstatemachine.ts"}},{"symbol":{"__symbol":5,"members":[]},"metadata":{"__symbolic":"error","message":"Lambda not supported","fileName":"projects\\bo-activitynewfront\\src\\app\\activityformnew\\viewmodels\\statemachine\\rootviewmodelstatemachine.ts"}},{"symbol":{"__symbol":6,"members":[]},"metadata":{"__symbolic":"class","extends":{"__symbol":7,"members":[]},"members":{"add":[{"__symbolic":"property","decorators":[{"__symbolic":"call","expression":{"__symbol":8,"members":[]}}]}],"init":[{"__symbolic":"property","decorators":[{"__symbolic":"call","expression":{"__symbol":8,"members":[]},"arguments":[{"initialState":true}]}]}],"edit":[{"__symbolic":"property","decorators":[{"__symbolic":"call","expression":{"__symbol":8,"members":[]}}]}],"canAdd":[{"__symbolic":"property","decorators":[{"__symbolic":"call","expression":{"__symbol":9,"members":[]},"arguments":[{"render":{"__symbol":0,"members":[]}}]}]}],"canEdit":[{"__symbolic":"property","decorators":[{"__symbolic":"call","expression":{"__symbol":9,"members":[]},"arguments":[{"render":{"__symbol":1,"members":[]}}]}]}],"canCancel":[{"__symbolic":"property","decorators":[{"__symbolic":"call","expression":{"__symbol":9,"members":[]},"arguments":[{"render":{"__symbol":2,"members":[]}}]}]}],"canSave":[{"__symbolic":"property","decorators":[{"__symbolic":"call","expression":{"__symbol":9,"members":[]},"arguments":[{"render":{"__symbol":3,"members":[]}}]}]}],"canRemove":[{"__symbolic":"property","decorators":[{"__symbolic":"call","expression":{"__symbol":9,"members":[]},"arguments":[{"render":{"__symbol":4,"members":[]}}]}]}],"editable":[{"__symbolic":"property","decorators":[{"__symbolic":"call","expression":{"__symbol":9,"members":[]},"arguments":[{"render":{"__symbol":5,"members":[]}}]}]}],"Create":[{"__symbolic":"property","decorators":[{"__symbolic":"call","expression":{"__symbol":10,"members":[]},"arguments":[{"transitTo":"add"}]}]}],"Edit":[{"__symbolic":"property","decorators":[{"__symbolic":"call","expression":{"__symbol":10,"members":[]},"arguments":[{"transitTo":"edit"}]}]}],"Cancel":[{"__symbolic":"property","decorators":[{"__symbolic":"call","expression":{"__symbol":10,"members":[]},"arguments":[{"transitTo":"init"}]}]}],"Save":[{"__symbolic":"property","decorators":[{"__symbolic":"call","expression":{"__symbol":10,"members":[]},"arguments":[{"transitTo":"init"}]}]}]}},"type":{"summaryKind":3,"type":{"reference":{"__symbol":6,"members":[]},"diDeps":[],"lifecycleHooks":[]}}}],"symbols":[{"__symbol":0,"name":"ɵ0","filePath":"./rootviewmodelstatemachine"},{"__symbol":1,"name":"ɵ1","filePath":"./rootviewmodelstatemachine"},{"__symbol":2,"name":"ɵ2","filePath":"./rootviewmodelstatemachine"},{"__symbol":3,"name":"ɵ3","filePath":"./rootviewmodelstatemachine"},{"__symbol":4,"name":"ɵ4","filePath":"./rootviewmodelstatemachine"},{"__symbol":5,"name":"ɵ5","filePath":"./rootviewmodelstatemachine"},{"__symbol":6,"name":"RootViewmodelStateMachine","filePath":"./rootviewmodelstatemachine"},{"__symbol":7,"name":"StateMachine","filePath":"@farris/devkit"},{"__symbol":8,"name":"NgState","filePath":"@farris/devkit"},{"__symbol":9,"name":"NgRenderState","filePath":"@farris/devkit"},{"__symbol":10,"name":"NgAction","filePath":"@farris/devkit"}]}