{"module":{"id":"activityFormNew","code":"activityFormNew","name":"活动管理表单","caption":"活动管理表单","type":"Module","creator":"wang-xh","creationDate":"2020-07-07T05:56:15.492Z","updateVersion":"191104","showTitle":true,"bootstrap":"list-card-template","schemas":[{"id":"adae5fde-3dec-47d5-8ca6-0099585875b7","code":"activityFormNew_frm","name":"活动管理表单_frm","sourceUri":"api/gsp/myapp/v1.0/activityFormNew_frm","sourceType":"vo","entities":[{"id":"233e2cf5-4ff7-47c4-b91b-ea172a9fbdb0","code":"activityNew","name":"activityNew","label":"activityNews","type":{"name":"activityNew","primary":"id","fields":[{"$type":"SimpleField","id":"68551fe9-1f7c-4ac8-87b7-2f9ab406ad3c","originalId":"68551fe9-1f7c-4ac8-87b7-2f9ab406ad3c","code":"ID","name":"ID","label":"id","bindingField":"id","defaultValue":"","require":true,"readonly":false,"type":{"$type":"StringType","name":"String","displayName":"字符串","length":36},"editor":{"$type":"TextBox"},"path":"ID","bindingPath":"id","multiLanguage":false},{"$type":"SimpleField","id":"c86fb749-81c8-4469-b311-8d51a64c5747","originalId":"c86fb749-81c8-4469-b311-8d51a64c5747","code":"Version","name":"Version","label":"version","bindingField":"version","defaultValue":"","require":false,"readonly":false,"type":{"$type":"DateType","name":"Date","displayName":"日期/时间"},"editor":{"$type":"DateBox","format":"'yyyy-MM-dd'"},"path":"Version","bindingPath":"version","multiLanguage":false},{"$type":"SimpleField","id":"2ab0ad3d-b006-44aa-bac7-b5ec2086eb79","originalId":"2ab0ad3d-b006-44aa-bac7-b5ec2086eb79","code":"Code","name":"活动编号","label":"code","bindingField":"code","defaultValue":"","require":false,"readonly":false,"type":{"$type":"StringType","name":"String","displayName":"字符串","length":36},"editor":{"$type":"TextBox"},"path":"Code","bindingPath":"code","multiLanguage":false},{"$type":"SimpleField","id":"475ee71c-76a9-4d1e-bd62-2112ab7a29e5","originalId":"475ee71c-76a9-4d1e-bd62-2112ab7a29e5","code":"Title","name":"活动主题","label":"title","bindingField":"title","defaultValue":"","require":false,"readonly":false,"type":{"$type":"StringType","name":"String","displayName":"字符串","length":1024},"editor":{"$type":"TextBox"},"path":"Title","bindingPath":"title","multiLanguage":false},{"$type":"SimpleField","id":"46d598fa-a725-4b35-81d5-1a5f6ccd2aa0","originalId":"46d598fa-a725-4b35-81d5-1a5f6ccd2aa0","code":"Location","name":"活动地点","label":"location","bindingField":"location","defaultValue":"","require":false,"readonly":false,"type":{"$type":"StringType","name":"String","displayName":"字符串","length":1024},"editor":{"$type":"TextBox"},"path":"Location","bindingPath":"location","multiLanguage":false},{"$type":"SimpleField","id":"6f2e4046-fffe-430a-9b5e-24143c0f84fa","originalId":"6f2e4046-fffe-430a-9b5e-24143c0f84fa","code":"GeoLng","name":"地理经度","label":"geoLng","bindingField":"geoLng","defaultValue":"","require":false,"readonly":false,"type":{"$type":"NumericType","name":"Number","displayName":"数字","length":18,"precision":3},"editor":{"$type":"NumericBox"},"path":"GeoLng","bindingPath":"geoLng","multiLanguage":false},{"$type":"SimpleField","id":"ad95c401-eb51-4ff6-a74f-e9fc5b5da89f","originalId":"ad95c401-eb51-4ff6-a74f-e9fc5b5da89f","code":"GeoLat","name":"地理纬度","label":"geoLat","bindingField":"geoLat","defaultValue":"","require":false,"readonly":false,"type":{"$type":"NumericType","name":"Number","displayName":"数字","length":18,"precision":3},"editor":{"$type":"NumericBox"},"path":"GeoLat","bindingPath":"geoLat","multiLanguage":false},{"$type":"SimpleField","id":"3b84dff2-71ec-4d7d-950d-1ccceb635dcb","originalId":"3b84dff2-71ec-4d7d-950d-1ccceb635dcb","code":"UpdateInfo","name":"更新信息","label":"updateInfo","bindingField":"updateInfo","defaultValue":"","require":false,"readonly":false,"type":{"$type":"StringType","name":"String","displayName":"字符串","length":36},"editor":{"$type":"TextBox"},"path":"UpdateInfo","bindingPath":"updateInfo","multiLanguage":false}],"entities":[],"displayName":"activityNew"}}],"variables":[],"eapiId":"2a7d0ea5-55ef-4688-a7e2-2dcb353dbd79"}],"states":[],"contents":[],"stateMachines":[{"id":"activityFormNew_state_machine","name":"活动管理表单状态机","uri":"d05c33de-5ab2-4ded-a8c2-252af9b819d2"}],"viewmodels":[{"id":"root-viewmodel","code":"root-viewmodel","name":"activityNew","fields":[],"stateMachine":"activityFormNew_state_machine","serviceRefs":[],"commands":[{"id":"c98fc524-b8d7-405f-a14e-cb479bc3fbab","code":"close1","name":"关闭","params":[{"name":"url","shownName":"上级Url","value":"","description":"{COMMAND~/params/url}"},{"name":"params","shownName":"路由参数","value":"","description":"{COMMAND~/params/params}"}],"handlerName":"close","cmpId":"7c48ef46-339c-42d4-8365-a21236c63044","shortcut":{},"extensions":[]}],"states":[],"bindTo":"/","enableUnifiedSession":false},{"id":"data-grid-component-viewmodel","code":"data-grid-component-viewmodel","name":"activityNew","fields":[{"type":"Form","id":"2ab0ad3d-b006-44aa-bac7-b5ec2086eb79","fieldName":"code","groupId":null,"groupName":null,"updateOn":"blur"},{"type":"Form","id":"475ee71c-76a9-4d1e-bd62-2112ab7a29e5","fieldName":"title","groupId":null,"groupName":null,"updateOn":"blur"},{"type":"Form","id":"46d598fa-a725-4b35-81d5-1a5f6ccd2aa0","fieldName":"location","groupId":null,"groupName":null,"updateOn":"blur"}],"commands":[{"id":"fda876c8-7230-46e7-af3d-d38233642275","code":"loadList1","name":"加载列表数据","params":[],"handlerName":"loadList","cmpId":"7c48ef46-339c-42d4-8365-a21236c63044","extensions":[]},{"id":"22576fc1-08fb-49a9-b132-295c7392b481","code":"remove1","name":"删除","params":[{"name":"id","shownName":"数据id","value":"{DATA~/data-grid-component/id}","description":null}],"handlerName":"remove","cmpId":"7c48ef46-339c-42d4-8365-a21236c63044","extensions":[]},{"id":"8788c27e-722a-4b98-9d57-98eafb526fe5","code":"loadCard1","name":"加载卡片数据","params":[{"name":"id","shownName":"当前行Id","value":"{DATA~/data-grid-component/id}","description":null},{"name":"frameId","shownName":"框架Id","value":"detail-form-component","description":null}],"handlerName":"loadCard","cmpId":"7c48ef46-339c-42d4-8365-a21236c63044","extensions":[]},{"id":"ef281c13-4480-4256-901e-4bef5f92bd9e","code":"add1","name":"新增","params":[],"handlerName":"add","cmpId":"7c48ef46-339c-42d4-8365-a21236c63044","extensions":[]},{"id":"e7cf83c2-e52d-4dce-aded-047a819c8068","code":"changePage1","name":"切换页码","params":[{"name":"loadCommandName","shownName":"数据加载命令名称","value":"loadList1","description":"数据加载的命令名称"},{"name":"loadCommandFrameId","shownName":"数据加载命令框架id","value":"data-grid-component","description":"数据加载命令所在的框架id"}],"handlerName":"changePage","cmpId":"7c48ef46-339c-42d4-8365-a21236c63044","extensions":[]}],"serviceRefs":[],"states":[],"bindTo":"/","parent":"root-viewmodel","pagination":{"enable":true,"pageSize":20},"enableValidation":false},{"id":"detail-form-component-viewmodel","code":"detail-form-component-viewmodel","name":"activityNew","fields":[{"type":"Form","id":"2ab0ad3d-b006-44aa-bac7-b5ec2086eb79","fieldName":"code","groupId":null,"groupName":null,"updateOn":"blur"},{"type":"Form","id":"475ee71c-76a9-4d1e-bd62-2112ab7a29e5","fieldName":"title","groupId":null,"groupName":null,"updateOn":"blur"},{"type":"Form","id":"46d598fa-a725-4b35-81d5-1a5f6ccd2aa0","fieldName":"location","groupId":null,"groupName":null,"updateOn":"blur"},{"type":"Form","id":"6f2e4046-fffe-430a-9b5e-24143c0f84fa","fieldName":"geoLng","groupId":null,"groupName":null,"updateOn":"blur"},{"type":"Form","id":"ad95c401-eb51-4ff6-a74f-e9fc5b5da89f","fieldName":"geoLat","groupId":null,"groupName":null,"updateOn":"blur"}],"commands":[{"id":"d12acc4e-6274-44dc-95e6-cedeb5e66707","code":"edit1","name":"编辑","params":[{"name":"id","shownName":"当前行Id","value":"{DATA~/detail-form-component/id}","description":null},{"name":"transitionAction","shownName":"迁移状态动作","value":"Edit","description":null}],"handlerName":"edit","cmpId":"7c48ef46-339c-42d4-8365-a21236c63044","extensions":[]},{"id":"5707d460-c441-45c4-8fe1-f77abd9f75b1","code":"save1","name":"保存","params":[],"handlerName":"save","cmpId":"7c48ef46-339c-42d4-8365-a21236c63044","extensions":[]},{"id":"b3897b4b-a37f-48e3-afb3-8489cec02806","code":"cancel1","name":"取消","params":[],"handlerName":"cancel","cmpId":"7c48ef46-339c-42d4-8365-a21236c63044","extensions":[]}],"serviceRefs":[],"states":[],"bindTo":"/","parent":"root-viewmodel","enableValidation":false}],"components":[{"id":"root-component","type":"Component","componentType":"Frame","viewModel":"root-viewmodel","onInit":"","contents":[{"id":"root-layout","type":"ContentContainer","appearance":{"class":"f-page f-page-navigate f-page-is-grid-card"},"border":null,"font":null,"margin":null,"padding":null,"size":null,"contents":[{"id":"page-header","type":"ContentContainer","appearance":{"class":"f-page-header"},"border":null,"font":null,"margin":null,"padding":null,"size":null,"contents":[{"id":"header-nav","type":"ContentContainer","appearance":{"class":"f-page-header-base"},"border":null,"font":null,"margin":null,"padding":null,"size":null,"contents":[{"id":"header-title-container","type":"ContentContainer","appearance":{"class":"f-title"},"border":null,"font":null,"margin":null,"padding":null,"size":null,"contents":[{"id":"page-header-title","type":"HtmlTemplate","html":"<span class=\"f-title-icon f-text-orna-dict\"><i class=\"f-icon f-icon-page-title-dictionary\"></i></span><h4 class=\"f-title-text\">活动管理表单</h4>"}],"visible":true,"isScrollspyContainer":false},{"id":"page-header-toolbar","type":"ToolBar","appearance":{"class":"col-7 f-toolbar"},"border":null,"font":null,"margin":null,"padding":null,"size":null,"items":[{"id":"button-add","type":"ToolBarItem","appearance":{"class":"btn-primary"},"disable":"!viewModel.stateMachine['canAdd']","text":"新增","visible":true,"click":"root-viewmodel.data-grid-component-viewmodel.add1"},{"id":"button-edit","type":"ToolBarItem","appearance":null,"disable":"!viewModel.stateMachine['canEdit']","text":"编辑","visible":true,"click":"root-viewmodel.detail-form-component-viewmodel.edit1"},{"id":"button-save","type":"ToolBarItem","appearance":null,"disable":"!viewModel.stateMachine['canSave']","text":"保存","visible":true,"click":"root-viewmodel.detail-form-component-viewmodel.save1"},{"id":"button-cancel","type":"ToolBarItem","appearance":null,"disable":"!viewModel.stateMachine['canCancel']","text":"取消","visible":true,"click":"root-viewmodel.detail-form-component-viewmodel.cancel1"},{"id":"button-delete","type":"ToolBarItem","appearance":null,"disable":"!viewModel.stateMachine['canRemove']","text":"删除","visible":true,"click":"root-viewmodel.data-grid-component-viewmodel.remove1"},{"id":"button-close","type":"ToolBarItem","appearance":null,"disable":null,"text":"关闭","visible":true,"click":"close1"}],"visible":true}],"visible":true,"isScrollspyContainer":false}],"visible":true,"isScrollspyContainer":false},{"id":"main-container","type":"ContentContainer","appearance":{"class":"f-page-main"},"border":null,"font":null,"margin":null,"padding":null,"size":null,"contents":[{"id":"content-splitter","type":"Splitter","appearance":{"class":"f-page-content"},"border":null,"font":null,"margin":null,"padding":null,"size":null,"contents":[{"id":"content-list","type":"SplitterPane","appearance":{"class":"f-col-w6 f-page-content-nav","style":"width:40%"},"border":null,"font":null,"margin":null,"padding":null,"size":null,"resizable":true,"resizeHandlers":"e","contents":[{"id":"data-grid-component-ref","type":"ComponentRef","component":"data-grid-component","visible":true}],"visible":true},{"id":"content-main","type":"SplitterPane","appearance":{"class":"f-page-content-main f-utils-fill-flex-column"},"border":null,"font":null,"margin":null,"padding":null,"size":null,"contents":[{"id":"detail-component-ref","type":"ComponentRef","component":"detail-form-component","visible":true}],"visible":true}],"visible":true}],"visible":true,"isScrollspyContainer":false}],"visible":true,"isScrollspyContainer":false}],"afterViewInit":""},{"id":"data-grid-component","type":"Component","componentType":"dataGrid","viewModel":"data-grid-component-viewmodel","appearance":{"class":"f-struct-wrapper  f-utils-fill-flex-column"},"onInit":"loadList1","contents":[{"id":"data-grid-section","type":"Section","appearance":{"class":"f-section-grid f-section-in-nav"},"border":null,"font":null,"margin":null,"padding":null,"size":null,"visible":true,"mainTitle":"","subTitle":"","headerClass":"","titleClass":"","extendedHeaderAreaClass":"","toolbarClass":"","extendedAreaClass":"","contentTemplateClass":"","fill":false,"expanded":true,"enableMaximize":true,"enableAccordion":true,"accordionMode":"default","showHeader":false,"headerTemplate":"","titleTemplate":"","extendedHeaderAreaTemplate":"","toolbarTemplate":"","extendedAreaTemplate":"","contents":[{"id":"dataGrid","type":"DataGrid","controlSource":"Farris","appearance":{"class":"f-component-grid"},"border":null,"font":null,"margin":null,"padding":null,"size":null,"dataSource":"activityNews","fields":[{"id":"gridField_2ab0ad3d-b006-44aa-bac7-b5ec2086eb79_code","type":"GridField","controlSource":"Farris","caption":"活动编号","captionTemplate":null,"dataField":"code","dataType":"string","binding":{"type":"Form","path":"code","field":"2ab0ad3d-b006-44aa-bac7-b5ec2086eb79"},"enumData":null,"appearance":null,"border":null,"font":null,"margin":null,"padding":null,"size":null,"displayTemplate":null,"editor":null,"draggable":false,"frozen":"none","sortable":true,"sortOrder":null,"resizeable":true,"aggregate":{"type":"none"},"groupAggregate":{"type":"none"},"styler":"","colTemplate":"","linkedLabelEnabled":false,"linkedLabelClick":null,"textAlign":"left","hAlign":"left","vAlign":"middle","formatter":{"type":"none"},"showTips":false,"tipContent":null,"multiLanguage":false,"enableFilter":false,"path":"code","readonly":false,"visible":true,"headerStyler":""},{"id":"gridField_475ee71c-76a9-4d1e-bd62-2112ab7a29e5_title","type":"GridField","controlSource":"Farris","caption":"活动主题","captionTemplate":null,"dataField":"title","dataType":"string","binding":{"type":"Form","path":"title","field":"475ee71c-76a9-4d1e-bd62-2112ab7a29e5"},"enumData":null,"appearance":null,"border":null,"font":null,"margin":null,"padding":null,"size":null,"displayTemplate":null,"editor":null,"draggable":false,"frozen":"none","sortable":true,"sortOrder":null,"resizeable":true,"aggregate":{"type":"none"},"groupAggregate":{"type":"none"},"styler":"","colTemplate":"","linkedLabelEnabled":false,"linkedLabelClick":null,"textAlign":"left","hAlign":"left","vAlign":"middle","formatter":{"type":"none"},"showTips":false,"tipContent":null,"multiLanguage":false,"enableFilter":false,"path":"title","readonly":false,"visible":true,"headerStyler":""},{"id":"gridField_46d598fa-a725-4b35-81d5-1a5f6ccd2aa0_location","type":"GridField","controlSource":"Farris","caption":"活动地点","captionTemplate":null,"dataField":"location","dataType":"string","binding":{"type":"Form","path":"location","field":"46d598fa-a725-4b35-81d5-1a5f6ccd2aa0"},"enumData":null,"appearance":null,"border":null,"font":null,"margin":null,"padding":null,"size":null,"displayTemplate":null,"editor":null,"draggable":false,"frozen":"none","sortable":true,"sortOrder":null,"resizeable":true,"aggregate":{"type":"none"},"groupAggregate":{"type":"none"},"styler":"","colTemplate":"","linkedLabelEnabled":false,"linkedLabelClick":null,"textAlign":"left","hAlign":"left","vAlign":"middle","formatter":{"type":"none"},"showTips":false,"tipContent":null,"multiLanguage":false,"enableFilter":false,"path":"location","readonly":false,"visible":true,"headerStyler":""}],"focusedItem":null,"focusedIndex":null,"identifyField":null,"multiSelect":null,"selectable":null,"itemTemplate":null,"toolBar":null,"sortable":false,"sort":null,"summary":null,"groupable":false,"group":null,"showGroupColumn":true,"onSelectionChange":"loadCard1","fieldEditable":false,"appendRow":null,"disable":"viewModel.stateMachine['editable']","pageChange":"changePage1","fitColumns":false,"autoFitColumns":false,"styler":"","showAllCheckbox":false,"multiSort":false,"showBorder":false,"striped":true,"showLineNumber":false,"disableRow":null,"beforeSelect":null,"beforeUnSelect":null,"beforeCheck":null,"beforeUncheck":null,"dblClickRow":null,"showFooter":false,"footerTemplate":"","footerDataFrom":"client","footerDataCommand":null,"enableFilterRow":false,"remoteFilter":false,"showFilterBar":false,"useControlPanel":false,"autoHeight":false,"visible":true,"pagination":true,"checkedChange":null,"beforeEdit":null,"mergeCell":false,"virtualized":false,"nowrap":true,"remoteSort":false,"columnSorted":null,"checkOnSelect":true,"selectOnCheck":true,"groupFooter":false}]}],"afterViewInit":""},{"id":"detail-form-component","type":"Component","componentType":"form-col-1","viewModel":"detail-form-component-viewmodel","onInit":"","appearance":{"class":"f-struct-wrapper f-utils-fill-flex-column"},"contents":[{"id":"detail-form-section","type":"Section","appearance":{"class":"f-section-form f-section-in-main"},"visible":true,"mainTitle":"","subTitle":"","headerClass":"","titleClass":"","extendedHeaderAreaClass":"","toolbarClass":"","extendedAreaClass":"","contentTemplateClass":"","fill":true,"expanded":true,"enableMaximize":true,"enableAccordion":true,"accordionMode":"default","showHeader":false,"headerTemplate":"","titleTemplate":"","extendedHeaderAreaTemplate":"","toolbarTemplate":"","extendedAreaTemplate":"","contents":[{"id":"detail-form-layout","type":"Form","appearance":{"class":"f-form-layout farris-form farris-form-controls-inline"},"border":null,"font":null,"margin":null,"padding":null,"size":null,"contents":[{"id":"form_code","type":"TextBox","title":"活动编号","appearance":{"class":"col-12"},"border":null,"font":null,"margin":null,"padding":null,"size":null,"binding":{"type":"Form","path":"code","field":"2ab0ad3d-b006-44aa-bac7-b5ec2086eb79"},"readonly":"!viewModel.stateMachine['editable']","require":false,"disable":false,"placeHolder":"","format":null,"validation":null,"value":null,"maxLength":36,"valueChange":null,"linkedLabelEnabled":false,"linkedLabelClick":null,"visible":true,"holdPlace":false,"isTextArea":false,"isPassword":false,"tabindex":-1,"hasDefaultFocus":false,"focusState":null,"titleWidth":null,"path":"code"},{"id":"form_title","type":"TextBox","title":"活动主题","appearance":{"class":"col-12"},"border":null,"font":null,"margin":null,"padding":null,"size":null,"binding":{"type":"Form","path":"title","field":"475ee71c-76a9-4d1e-bd62-2112ab7a29e5"},"readonly":"!viewModel.stateMachine['editable']","require":false,"disable":false,"placeHolder":"","format":null,"validation":null,"value":null,"maxLength":1024,"valueChange":null,"linkedLabelEnabled":false,"linkedLabelClick":null,"visible":true,"holdPlace":false,"isTextArea":false,"isPassword":false,"tabindex":-1,"hasDefaultFocus":false,"focusState":null,"titleWidth":null,"path":"title"},{"id":"form_location","type":"TextBox","title":"活动地点","appearance":{"class":"col-12"},"border":null,"font":null,"margin":null,"padding":null,"size":null,"binding":{"type":"Form","path":"location","field":"46d598fa-a725-4b35-81d5-1a5f6ccd2aa0"},"readonly":"!viewModel.stateMachine['editable']","require":false,"disable":false,"placeHolder":"","format":null,"validation":null,"value":null,"maxLength":1024,"valueChange":null,"linkedLabelEnabled":false,"linkedLabelClick":null,"visible":true,"holdPlace":false,"isTextArea":false,"isPassword":false,"tabindex":-1,"hasDefaultFocus":false,"focusState":null,"titleWidth":null,"path":"location"},{"id":"form_geoLng","type":"NumericBox","title":"地理经度","binding":{"type":"Form","path":"geoLng","field":"6f2e4046-fffe-430a-9b5e-24143c0f84fa"},"placeHolder":"","readonly":"!viewModel.stateMachine['editable']","require":false,"disable":false,"format":"n10","precision":3,"validation":null,"value":null,"maxValue":null,"minValue":null,"maxLength":18,"spin":null,"step":1,"appearance":{"class":"col-12"},"border":null,"font":null,"margin":null,"padding":null,"size":null,"valueChange":null,"linkedLabelEnabled":false,"linkedLabelClick":null,"visible":true,"holdPlace":false,"isTextArea":false,"tabindex":-1,"hasDefaultFocus":false,"focusState":null,"titleWidth":null,"path":"geoLng","controlSource":"Kendo","formatter":null,"parser":null,"useThousands":true,"textAlign":"left"},{"id":"form_geoLat","type":"NumericBox","title":"地理纬度","binding":{"type":"Form","path":"geoLat","field":"ad95c401-eb51-4ff6-a74f-e9fc5b5da89f"},"placeHolder":"","readonly":"!viewModel.stateMachine['editable']","require":false,"disable":false,"format":"n10","precision":3,"validation":null,"value":null,"maxValue":null,"minValue":null,"maxLength":18,"spin":null,"step":1,"appearance":{"class":"col-12"},"border":null,"font":null,"margin":null,"padding":null,"size":null,"valueChange":null,"linkedLabelEnabled":false,"linkedLabelClick":null,"visible":true,"holdPlace":false,"isTextArea":false,"tabindex":-1,"hasDefaultFocus":false,"focusState":null,"titleWidth":null,"path":"geoLat","controlSource":"Kendo","formatter":null,"parser":null,"useThousands":true,"textAlign":"left"}],"controlsInline":true,"formAutoIntl":true,"visible":true}]},{"id":"amap","type":"HtmlTemplate","html":"<div style=\"padding:30px;\" class=\"f-utils-fill-flex-column\">\r\n\t<app-map class=\"f-utils-fill-flex-column\" [position]=\"{lng:viewModel.bindingData.getValue(['geoLng']),lat:viewModel.bindingData.getValue(['geoLat'])}\"\r\n\t (positionChange)=\"viewModel.bindingData.setValue(['geoLng'],$event.lng,true,true); viewModel.bindingData.setValue(['geoLat'],$event.lat,true,true)\"\r\n\t [disabled]=\"false\" [readonly]=\"!viewModel.stateMachine['editable']\">        \r\n    </app-map>\r\n</div>"}],"afterViewInit":""}],"webcmds":[{"id":"7c48ef46-339c-42d4-8365-a21236c63044","path":"/projects/packages/Inspur.GS.Gsp.Web.WebCmp/webcmd","name":"ListCardController.webcmd","refedHandlers":[{"host":"fda876c8-7230-46e7-af3d-d38233642275","handler":"loadList"},{"host":"8788c27e-722a-4b98-9d57-98eafb526fe5","handler":"loadCard"},{"host":"ef281c13-4480-4256-901e-4bef5f92bd9e","handler":"add"},{"host":"d12acc4e-6274-44dc-95e6-cedeb5e66707","handler":"edit"},{"host":"5707d460-c441-45c4-8fe1-f77abd9f75b1","handler":"save"},{"host":"b3897b4b-a37f-48e3-afb3-8489cec02806","handler":"cancel"},{"host":"22576fc1-08fb-49a9-b132-295c7392b481","handler":"remove"},{"host":"e7cf83c2-e52d-4dce-aded-047a819c8068","handler":"changePage"},{"host":"c98fc524-b8d7-405f-a14e-cb479bc3fbab","handler":"close"}]}],"serviceRefs":[],"ctrlLangs":{"ch":{"dataGrid_norecord":"暂无数据","gridField_2ab0ad3d-b006-44aa-bac7-b5ec2086eb79_code":"活动编号","gridField_475ee71c-76a9-4d1e-bd62-2112ab7a29e5_title":"活动主题","gridField_46d598fa-a725-4b35-81d5-1a5f6ccd2aa0_location":"活动地点","form_code":"活动编号","form_title":"活动主题","form_location":"活动地点","form_geoLng":"地理经度","form_geoLat":"地理纬度"}},"projectName":"bo-activitynewfront","extraImports":[{"name":"MapModule","path":"../map/map.module"}]}}