{"commands":{"7c48ef46-339c-42d4-8365-a21236c63044":{"Id":"7c48ef46-339c-42d4-8365-a21236c63044","Code":"ListCardController","Name":"列卡控制器","Description":null,"Extends":{"FormCode":null,"IsCommon":true},"Commands":[{"Id":"e573d6a2-8261-9ad4-c9f1-2e59af53302d","Code":"loadList","Name":"加载列表数据","Description":null,"Parameters":[{"Id":"4e0be8f8-b32e-a3f7-60ab-f94f3ac130e7","Code":"filter","Name":"过滤条件","Description":"过滤条件","ParameterType":"string","IsRetVal":false,"EditorType":null},{"Id":"86395dd9-1487-814a-2c37-862921f8190a","Code":"sort","Name":"排序条件","Description":"排序条件","ParameterType":"string","IsRetVal":false,"EditorType":null}],"Items":[{"Type":"0","Content":{"Id":"993aeb7d-c6c8-672a-39ce-76fb412b93b0","Code":"onClosing","Name":"onClosing","ComponentId":"d909a196-e816-4219-ac72-bdbc38b75088","ComponentCode":"NavigationMiddlewareService","ComponentName":"NavigationMiddlewareService","ComponentPath":"Gsp/Web/WebCmp/bo-webcmp/webcmp","MethodId":"39a63da5-e912-d502-fb51-887a2f152c4c","MethodCode":"onClosing","MethodName":"关闭前事件","IsReplaced":false,"IsBeforeExpansion":false,"IsAfterExpansion":false,"ParamConfigs":[]}},{"Type":"0","Content":{"Id":"3697122f-1132-37ec-e360-6357f6c0391b","Code":"load","Name":"load","ComponentId":"6daf2f0e-395b-4064-b128-05020a31aa7b","ComponentCode":"ListDataService","ComponentName":"ListDataService","ComponentPath":"Gsp/Web/WebCmp/bo-webcmp/webcmp/data-services","MethodId":"ea4f7678-5fdc-e2a5-0c0f-a02563a47309","MethodCode":"load","MethodName":"加载数据","IsReplaced":false,"IsBeforeExpansion":false,"IsAfterExpansion":false,"ParamConfigs":[{"ParamCode":"filter","ParamName":"过滤条件","ParamExpress":"{COMMAND~/params/filter}"},{"ParamCode":"sort","ParamName":"排序条件","ParamExpress":"{COMMAND~/params/sort}"}]}}],"SourceCode":null},{"Id":"d1054fa5-d18e-c22c-ed3f-2f13b4692702","Code":"loadCard","Name":"加载卡片数据","Description":null,"Parameters":[{"Id":"8b295a10-e17c-4ab6-f393-5ba5770bc922","Code":"id","Name":"数据id","Description":null,"ParameterType":"string","IsRetVal":false,"EditorType":null},{"Id":"7c529bac-fc08-2f27-9a32-ae7baa6ba1bc","Code":"frameId","Name":"框架id","Description":null,"ParameterType":"string","IsRetVal":false,"EditorType":null}],"Items":[{"Type":"0","Content":{"Id":"044da014-8de1-4dc1-d5f7-d6de952e1b98","Code":"update","Name":"update","ComponentId":"47f87143-231b-4d0f-b675-e3bb87ba3ba6","ComponentCode":"CardDataService","ComponentName":"CardDataService","ComponentPath":"Gsp/Web/WebCmp/bo-webcmp/webcmp/data-services","MethodId":"b445143d-13c9-0a26-f17e-66d579c3cf04","MethodCode":"update","MethodName":"更新数据","IsReplaced":false,"IsBeforeExpansion":false,"IsAfterExpansion":false,"ParamConfigs":[]}}],"SourceCode":null},{"Id":"6b9556d9-f510-2484-07b8-e1e190f03169","Code":"add","Name":"新增数据","Description":null,"Parameters":null,"Items":[{"Type":"0","Content":{"Id":"c315e91a-a6df-a2dc-d5b5-60ff752fcf5a","Code":"append","Name":"append","ComponentId":"6daf2f0e-395b-4064-b128-05020a31aa7b","ComponentCode":"ListDataService","ComponentName":"ListDataService","ComponentPath":"Gsp/Web/WebCmp/bo-webcmp/webcmp/data-services","MethodId":"2872ac48-93b3-b6ac-21c9-38c7857859f1","MethodCode":"append","MethodName":"追加数据","IsReplaced":false,"IsBeforeExpansion":false,"IsAfterExpansion":false,"ParamConfigs":[]}},{"Type":"0","Content":{"Id":"4fab57df-fb9a-0ce5-ad09-d03f04c595d3","Code":"transit","Name":"transit","ComponentId":"7c8386ad-c568-46f7-bca0-4095f05c5d64","ComponentCode":"StateMachineService","ComponentName":"StateMachineService","ComponentPath":"Gsp/Web/WebCmp/bo-webcmp/webcmp","MethodId":"6f078217-7f62-c9ac-c880-c681e502d6f1","MethodCode":"transit","MethodName":"迁移状态","IsReplaced":false,"IsBeforeExpansion":false,"IsAfterExpansion":false,"ParamConfigs":[{"ParamCode":"action","ParamName":"迁移动作","ParamExpress":"Create"}]}}],"SourceCode":null},{"Id":"ca451c36-4ab8-5576-545f-0bd13c1cb320","Code":"edit","Name":"编辑数据","Description":null,"Parameters":[{"Id":"9de7a68b-18a9-16f2-7936-031218a2248d","Code":"id","Name":"数据id","Description":null,"ParameterType":"string","IsRetVal":false,"EditorType":null},{"Id":"d955227a-a9b8-34d0-918f-612359d804af","Code":"transitionAction","Name":"状态迁移动作","Description":null,"ParameterType":"string","IsRetVal":false,"EditorType":null}],"Items":[{"Type":"0","Content":{"Id":"0fe55c96-e54b-082a-9192-860cd7537297","Code":"update","Name":"update","ComponentId":"47f87143-231b-4d0f-b675-e3bb87ba3ba6","ComponentCode":"CardDataService","ComponentName":"CardDataService","ComponentPath":"Gsp/Web/WebCmp/bo-webcmp/webcmp/data-services","MethodId":"b445143d-13c9-0a26-f17e-66d579c3cf04","MethodCode":"update","MethodName":"更新数据","IsReplaced":false,"IsBeforeExpansion":false,"IsAfterExpansion":false,"ParamConfigs":[]}},{"Type":"0","Content":{"Id":"8cce0738-b98f-26eb-fb84-96b0d9b4216f","Code":"transit","Name":"transit","ComponentId":"7c8386ad-c568-46f7-bca0-4095f05c5d64","ComponentCode":"StateMachineService","ComponentName":"StateMachineService","ComponentPath":"Gsp/Web/WebCmp/bo-webcmp/webcmp","MethodId":"6f078217-7f62-c9ac-c880-c681e502d6f1","MethodCode":"transit","MethodName":"迁移状态","IsReplaced":false,"IsBeforeExpansion":false,"IsAfterExpansion":false,"ParamConfigs":[{"ParamCode":"action","ParamName":"迁移动作","ParamExpress":"Edit"}]}}],"SourceCode":null},{"Id":"dbc290b7-8f64-1ce3-862f-d63e4c6db956","Code":"save","Name":"保存数据","Description":null,"Parameters":[{"Id":"012f8ff4-5d40-461b-6f39-5c3b79fd8a75","Code":"loadCmdName","Name":"数据刷新命令名称","Description":"数据刷新命令名称","ParameterType":"string","IsRetVal":false,"EditorType":null},{"Id":"16c7515b-c422-e943-95db-84810c165cad","Code":"loadCmdFrameId","Name":"数据刷新命令对应的FrameId","Description":"数据刷新命令对应的FrameId","ParameterType":"string","IsRetVal":false,"EditorType":null}],"Items":[{"Type":"0","Content":{"Id":"ac88a35f-8d4f-620d-0e97-55be653b9b23","Code":"endEdit","Name":"endEdit","ComponentId":"c7a3fa1b-5b5b-4409-9b5b-6c4fe2cc3c20","ComponentCode":"EndEditService","ComponentName":"EndEditService","ComponentPath":"Gsp/Web/WebCmp/bo-webcmp/metadata/webcmp","MethodId":"545a2fc0-453a-4790-cfa9-6079d793a6a0","MethodCode":"endEdit","MethodName":"结束编辑","IsReplaced":false,"IsBeforeExpansion":false,"IsAfterExpansion":false,"ParamConfigs":[]}},{"Type":"0","Content":{"Id":"798e19d1-fa71-3cae-39e4-0573aa0899b8","Code":"validateAll","Name":"validateAll","ComponentId":"bb531cd6-5b94-4b75-a3da-99d7d0a7a08c","ComponentCode":"ValidationService","ComponentName":"ValidationService","ComponentPath":"Gsp/Web/WebCmp/bo-webcmp/webcmp","MethodId":"f6b8a894-62e7-63d7-53ba-16e82885ce21","MethodCode":"validateAll","MethodName":"validateAll","IsReplaced":false,"IsBeforeExpansion":false,"IsAfterExpansion":false,"ParamConfigs":[]}},{"Type":"0","Content":{"Id":"cee287dc-3794-c278-837b-2b4f83304ce2","Code":"save","Name":"save","ComponentId":"47f87143-231b-4d0f-b675-e3bb87ba3ba6","ComponentCode":"CardDataService","ComponentName":"CardDataService","ComponentPath":"Gsp/Web/WebCmp/bo-webcmp/webcmp/data-services","MethodId":"e620a05a-5e52-32e7-b67e-4adfc739e47e","MethodCode":"save","MethodName":"保存数据","IsReplaced":false,"IsBeforeExpansion":true,"IsAfterExpansion":false,"ParamConfigs":[]}},{"Type":"0","Content":{"Id":"030eb0ac-64a9-16b0-ec9f-c1d2d6ec5b33","Code":"refresh","Name":"refresh","ComponentId":"6daf2f0e-395b-4064-b128-05020a31aa7b","ComponentCode":"ListDataService","ComponentName":"ListDataService","ComponentPath":"Gsp/Web/WebCmp/bo-webcmp/metadata/webcmp/data-services","MethodId":"7f9f66ad-3b9d-3df4-6a8f-d5822724e931","MethodCode":"refresh","MethodName":"刷新数据","IsReplaced":false,"IsBeforeExpansion":false,"IsAfterExpansion":false,"ParamConfigs":[{"ParamCode":"loadCmdName","ParamName":"数据刷新命令名称","ParamExpress":"{COMMAND~/params/loadCmdName}"},{"ParamCode":"loadCmdFrameId","ParamName":"数据刷新命令对应的FrameId","ParamExpress":"{COMMAND~/params/loadCmdFrameId}"}]}},{"Type":"0","Content":{"Id":"afbc2465-06cb-7a4f-a357-ed3a43ae6a41","Code":"transit","Name":"transit","ComponentId":"7c8386ad-c568-46f7-bca0-4095f05c5d64","ComponentCode":"StateMachineService","ComponentName":"StateMachineService","ComponentPath":"Gsp/Web/WebCmp/bo-webcmp/webcmp","MethodId":"6f078217-7f62-c9ac-c880-c681e502d6f1","MethodCode":"transit","MethodName":"迁移状态","IsReplaced":false,"IsBeforeExpansion":false,"IsAfterExpansion":false,"ParamConfigs":[{"ParamCode":"action","ParamName":"迁移动作","ParamExpress":"Save"}]}},{"Type":"0","Content":{"Id":"e86f05e6-b704-c655-d89a-a8453ffeb266","Code":"resetValidation","Name":"resetValidation","ComponentId":"bb531cd6-5b94-4b75-a3da-99d7d0a7a08c","ComponentCode":"ValidationService","ComponentName":"ValidationService","ComponentPath":"Gsp/Web/WebCmp/bo-webcmp/metadata/webcmp","MethodId":"9bc3d3ea-75ad-13d1-f0b6-6a8686ca8c46","MethodCode":"resetValidation","MethodName":"重置验证信息","IsReplaced":false,"IsBeforeExpansion":false,"IsAfterExpansion":false,"ParamConfigs":[]}}],"SourceCode":null},{"Id":"5c3f88c9-52b2-bddb-b4ab-a975ec0e48d7","Code":"cancel","Name":"取消变更","Description":null,"Parameters":[{"Id":"10273059-b6d0-befa-c1e3-4233057cd355","Code":"loadCmdName","Name":"数据刷新命令名称","Description":"数据刷新命令名称","ParameterType":"string","IsRetVal":false,"EditorType":null},{"Id":"1d8cd3a8-f27c-74f5-e253-c40d5805781c","Code":"loadCmdFrameId","Name":"数据刷新命令对应的FrameId","Description":"数据刷新命令对应的FrameId","ParameterType":"string","IsRetVal":false,"EditorType":null}],"Items":[{"Type":"0","Content":{"Id":"9da00c39-4365-d0cd-50a6-2c1e807a936c","Code":"endEdit","Name":"endEdit","ComponentId":"c7a3fa1b-5b5b-4409-9b5b-6c4fe2cc3c20","ComponentCode":"EndEditService","ComponentName":"EndEditService","ComponentPath":"Gsp/Web/WebCmp/bo-webcmp/metadata/webcmp","MethodId":"545a2fc0-453a-4790-cfa9-6079d793a6a0","MethodCode":"endEdit","MethodName":"结束编辑","IsReplaced":false,"IsBeforeExpansion":false,"IsAfterExpansion":false,"ParamConfigs":[]}},{"Type":"0","Content":{"Id":"fd8e0ac8-7164-0fd6-43da-2d851dc6040c","Code":"cancel","Name":"cancel","ComponentId":"47f87143-231b-4d0f-b675-e3bb87ba3ba6","ComponentCode":"CardDataService","ComponentName":"CardDataService","ComponentPath":"Gsp/Web/WebCmp/bo-webcmp/webcmp/data-services","MethodId":"ced093f2-1267-6796-1337-0d0752b18e81","MethodCode":"cancel","MethodName":"取消变更","IsReplaced":false,"IsBeforeExpansion":false,"IsAfterExpansion":false,"ParamConfigs":[]}},{"Type":"0","Content":{"Id":"2cfba7fb-422e-c48c-4157-f94e68353611","Code":"refresh","Name":"refresh","ComponentId":"6daf2f0e-395b-4064-b128-05020a31aa7b","ComponentCode":"ListDataService","ComponentName":"ListDataService","ComponentPath":"Gsp/Web/WebCmp/bo-webcmp/metadata/webcmp/data-services","MethodId":"7f9f66ad-3b9d-3df4-6a8f-d5822724e931","MethodCode":"refresh","MethodName":"刷新数据","IsReplaced":false,"IsBeforeExpansion":false,"IsAfterExpansion":false,"ParamConfigs":[{"ParamCode":"loadCmdName","ParamName":"数据刷新命令名称","ParamExpress":"{COMMAND~/params/loadCmdName}"},{"ParamCode":"loadCmdFrameId","ParamName":"数据刷新命令对应的FrameId","ParamExpress":"{COMMAND~/params/loadCmdFrameId}"}]}},{"Type":"0","Content":{"Id":"c86f6772-ca88-23dc-ed19-4977235a930f","Code":"transit","Name":"transit","ComponentId":"7c8386ad-c568-46f7-bca0-4095f05c5d64","ComponentCode":"StateMachineService","ComponentName":"StateMachineService","ComponentPath":"Gsp/Web/WebCmp/bo-webcmp/webcmp","MethodId":"6f078217-7f62-c9ac-c880-c681e502d6f1","MethodCode":"transit","MethodName":"迁移状态","IsReplaced":false,"IsBeforeExpansion":false,"IsAfterExpansion":false,"ParamConfigs":[{"ParamCode":"action","ParamName":"迁移动作","ParamExpress":"Cancel"}]}},{"Type":"0","Content":{"Id":"31dc3103-da1d-615c-8d18-c44b3b31ee14","Code":"resetValidation","Name":"resetValidation","ComponentId":"bb531cd6-5b94-4b75-a3da-99d7d0a7a08c","ComponentCode":"ValidationService","ComponentName":"ValidationService","ComponentPath":"Gsp/Web/WebCmp/bo-webcmp/metadata/webcmp","MethodId":"9bc3d3ea-75ad-13d1-f0b6-6a8686ca8c46","MethodCode":"resetValidation","MethodName":"重置验证信息","IsReplaced":false,"IsBeforeExpansion":false,"IsAfterExpansion":false,"ParamConfigs":[]}}],"SourceCode":null},{"Id":"3e722416-f1e4-d795-0194-0b876adfa253","Code":"close","Name":"关闭","Description":null,"Parameters":[],"Items":[{"Type":"0","Content":{"Id":"6b209e22-ea69-e3fa-ab93-fe9a27b08b67","Code":"endEdit","Name":"endEdit","ComponentId":"c7a3fa1b-5b5b-4409-9b5b-6c4fe2cc3c20","ComponentCode":"EndEditService","ComponentName":"EndEditService","ComponentPath":"Gsp/Web/WebCmp/bo-webcmp/metadata/webcmp","MethodId":"545a2fc0-453a-4790-cfa9-6079d793a6a0","MethodCode":"endEdit","MethodName":"结束编辑","IsReplaced":false,"IsBeforeExpansion":false,"IsAfterExpansion":false,"ParamConfigs":[]}},{"Type":"0","Content":{"Id":"5555b248-853a-0221-3aa8-c111d12dd922","Code":"close","Name":"close","ComponentId":"23e9883e-1e4d-4c5b-bf89-42f895f45bc4","ComponentCode":"NavigationService","ComponentName":"NavigationService","ComponentPath":"Gsp/Web/WebCmp/bo-webcmp/webcmp","MethodId":"6e2a4176-538c-bc65-2282-2d3bc48a6bdb","MethodCode":"close","MethodName":"关闭菜单或应用","IsReplaced":false,"IsBeforeExpansion":false,"IsAfterExpansion":false,"ParamConfigs":[]}}],"SourceCode":null},{"Id":"aae5dda3-7941-6d19-dab5-c4126d20e457","Code":"remove","Name":"删除数据","Description":null,"Parameters":[{"Id":"613d2bd5-fef9-52e0-2881-614b3390c371","Code":"id","Name":"数据id","Description":"要删除的数据id","ParameterType":"string","IsRetVal":false,"EditorType":null},{"Id":"db6b153b-502e-80c1-993b-2769398d73eb","Code":"refreshCommandName","Name":"数据刷新命令名称","Description":"数据刷新命令名称（设计时对应表单上的命令编号）","ParameterType":"string","IsRetVal":false,"EditorType":null},{"Id":"94b71233-81a3-523e-1467-1169a5eb3973","Code":"refreshCommandFrameId","Name":"数据刷新命令对应的FrameId","Description":"数据刷新命令对应的FrameId","ParameterType":"string","IsRetVal":false,"EditorType":null}],"Items":[{"Type":"0","Content":{"Id":"348832cd-4220-086d-0449-ef1a8f9bf882","Code":"remove","Name":"remove","ComponentId":"6daf2f0e-395b-4064-b128-05020a31aa7b","ComponentCode":"ListDataService","ComponentName":"ListDataService","ComponentPath":"Gsp/Web/WebCmp/bo-webcmp/webcmp/data-services","MethodId":"7adbc8ce-5ece-9b9d-86ea-635c3820ad18","MethodCode":"remove","MethodName":"删除数据","IsReplaced":false,"IsBeforeExpansion":false,"IsAfterExpansion":false,"ParamConfigs":[{"ParamCode":"id","ParamName":"数据id","ParamExpress":"{DATA~/data-grid-component/id}"},{"ParamCode":"ifSave","ParamName":"是否执行保存","ParamExpress":null}]}},{"Type":"0","Content":{"Id":"3304d8a9-5346-2654-2434-2da06e6fe61f","Code":"refreshAfterRemoving","Name":"refreshAfterRemoving","ComponentId":"6daf2f0e-395b-4064-b128-05020a31aa7b","ComponentCode":"ListDataService","ComponentName":"ListDataService","ComponentPath":"Gsp/Web/WebCmp/bo-webcmp/metadata/webcmp/data-services","MethodId":"978e39b2-cace-cedf-bc17-847602a336b2","MethodCode":"refreshAfterRemoving","MethodName":"删除后刷新数据","IsReplaced":false,"IsBeforeExpansion":false,"IsAfterExpansion":false,"ParamConfigs":[{"ParamCode":"refreshCommandName","ParamName":"数据刷新命令名称","ParamExpress":"{COMMAND~/params/refreshCommandName}"},{"ParamCode":"refreshCommandFrameId","ParamName":"数据刷新命令对应的FrameId","ParamExpress":"{COMMAND~/params/refreshCommandFrameId}"}]}}],"SourceCode":null},{"Id":"40302ced-33be-8d2f-9c4b-023b90351206","Code":"changePage","Name":"切换页码","Description":"切换页码","Parameters":[{"Id":"91fdf52b-de14-de9c-b073-a2fdeb4618f9","Code":"loadCommandName","Name":"数据加载命令名称","Description":"数据加载的命令名称","ParameterType":"string","IsRetVal":false,"EditorType":null},{"Id":"30380609-82e7-acc3-a934-ed6d0dd2fc56","Code":"loadCommandFrameId","Name":"数据加载命令框架id","Description":"数据加载命令所在的框架id","ParameterType":"string","IsRetVal":false,"EditorType":null}],"Items":[{"Type":"0","Content":{"Id":"e0d8db77-7fda-f3e3-0033-58fb7303278e","Code":"execute","Name":"execute","ComponentId":"23884f6a-6387-4abe-a964-f55d56cb2911","ComponentCode":"CommandService","ComponentName":"CommandService","ComponentPath":"Gsp/Web/WebCmp/bo-webcmp/webcmp","MethodId":"082a7d2e-9c28-fd81-a30b-7373a4ca1836","MethodCode":"execute","MethodName":"执行命令","IsReplaced":false,"IsBeforeExpansion":false,"IsAfterExpansion":false,"ParamConfigs":[{"ParamCode":"commandName","ParamName":"命令名称","ParamExpress":"{COMMAND~/params/loadCommandName}"},{"ParamCode":"frameId","ParamName":"框架id","ParamExpress":"{COMMAND~/params/loadCommandFrameId}"}]}}],"SourceCode":null},{"Id":"1275267e-953a-96b5-3807-8f531901207f","Code":"modify","Name":"修改数据","Description":"拉取最新数据，并支持加锁","Parameters":[{"Id":"26ee9a9d-1a38-35cf-9d24-6cdb64a948d7","Code":"id","Name":"要修改的数据id","Description":"要修改的数据id","ParameterType":"string","IsRetVal":false,"EditorType":null}],"Items":[{"Type":"0","Content":{"Id":"bf596beb-dcfb-5a8b-4c0e-b7faf990b11e","Code":"edit","Name":"edit","ComponentId":"47f87143-231b-4d0f-b675-e3bb87ba3ba6","ComponentCode":"CardDataService","ComponentName":"CardDataService","ComponentPath":"Gsp/Web/WebCmp/bo-webcmp/metadata/webcmp/data-services","MethodId":"ddf9bd80-69e9-589a-0022-da396fea356a","MethodCode":"edit","MethodName":"编辑数据","IsReplaced":false,"IsBeforeExpansion":false,"IsAfterExpansion":false,"ParamConfigs":[{"ParamCode":"id","ParamName":"要编辑的数据id","ParamExpress":null}]}},{"Type":"0","Content":{"Id":"299633ea-ccda-5ea6-08be-f6fa6f771da4","Code":"transit","Name":"transit","ComponentId":"7c8386ad-c568-46f7-bca0-4095f05c5d64","ComponentCode":"StateMachineService","ComponentName":"StateMachineService","ComponentPath":"Gsp/Web/WebCmp/bo-webcmp/metadata/webcmp","MethodId":"6f078217-7f62-c9ac-c880-c681e502d6f1","MethodCode":"transit","MethodName":"迁移状态","IsReplaced":false,"IsBeforeExpansion":false,"IsAfterExpansion":false,"ParamConfigs":[{"ParamCode":"action","ParamName":"迁移动作","ParamExpress":null}]}}],"SourceCode":null},{"Id":"6868e79b-8ab0-38e2-124e-03d91999eb67","Code":"Filter","Name":"过滤数据","Description":"过滤数据","Parameters":[{"Id":"b22df791-5c6c-e21c-55a2-dc97a52139ff","Code":"commandName","Name":"表单数据加载命令名称","Description":"表单数据加载命令名称","ParameterType":"string","IsRetVal":false,"EditorType":null},{"Id":"fbbc0f4c-c149-335b-a8f9-0901341f72bd","Code":"frameId","Name":"命令所在的FrameId","Description":"命令所在的FrameId","ParameterType":"string","IsRetVal":false,"EditorType":null}],"Items":[{"Type":"0","Content":{"Id":"355b75ca-a95c-a2cc-33f4-ebb4913ba938","Code":"filter","Name":"filter","ComponentId":"437ac0e1-f5cd-4728-88bf-5122d59dd1f1","ComponentCode":"FilterConditionDataService","ComponentName":"FilterConditionDataService","ComponentPath":"Gsp/Web/WebCmp/bo-webcmp/metadata/webcmp/data-services","MethodId":"f99ddd7d-52bb-b906-767b-cba9866a3006","MethodCode":"filter","MethodName":"过滤数据","IsReplaced":false,"IsBeforeExpansion":false,"IsAfterExpansion":false,"ParamConfigs":[{"ParamCode":"commandName","ParamName":"表单数据加载命令名称","ParamExpress":"{COMMAND~/params/commandName}"},{"ParamCode":"frameId","ParamName":"命令所在的FrameId","ParamExpress":"{COMMAND~/params/frameId}"}]}}],"SourceCode":null}]}},"serviceList":[{"Id":"d909a196-e816-4219-ac72-bdbc38b75088","Code":"NavigationMiddlewareService","Description":"导航中间件","Source":"@farris/command-services","Operations":[{"Id":"39a63da5-e912-d502-fb51-887a2f152c4c","Code":"onClosing","Name":"关闭前事件","Description":null,"Parameters":[]},{"Id":"e566c96e-d527-6cae-5ae1-ae87bc2dfb66","Code":"getTabId","Name":"获取TabId","Description":null,"Parameters":[{"Id":"09bf177c-9e3f-0dc2-0acb-8989fceae2ce","Code":"params","Name":"参数","Description":null,"ParameterType":null,"IsRetVal":false,"EditorType":null},{"Id":"6ea2ea3d-850a-2ca3-2f13-72cf8752e686","Code":"targetId","Name":"目标Id","Description":null,"ParameterType":null,"IsRetVal":false,"EditorType":null}]}],"IsCommon":true,"ClassName":"NavigationMiddlewareService","FormCode":null},{"Id":"6daf2f0e-395b-4064-b128-05020a31aa7b","Code":"ListDataService","Description":"列表数据服务。","Source":"@farris/command-services","Operations":[{"Id":"ea4f7678-5fdc-e2a5-0c0f-a02563a47309","Code":"load","Name":"加载数据","Description":null,"Parameters":[{"Id":"eb4d05ae-f0ed-c3d4-f387-5ae4935cc264","Code":"filter","Name":"过滤条件","Description":null,"ParameterType":null,"IsRetVal":false,"EditorType":null},{"Id":"4372e26c-e6e0-a2c5-59d2-41fb9fce6c4d","Code":"sort","Name":"排序条件","Description":null,"ParameterType":null,"IsRetVal":false,"EditorType":null}]},{"Id":"6d83e2a6-cfec-3553-04f9-7b6c7011f882","Code":"query","Name":"查询数据","Description":null,"Parameters":[{"Id":"a5f230ed-2d4a-9451-c73a-85d9f7270c79","Code":"filter","Name":"过滤条件","Description":null,"ParameterType":null,"IsRetVal":false,"EditorType":null},{"Id":"5bb5cef0-e93c-33e6-4391-619198c9ef91","Code":"sort","Name":"排序条件","Description":null,"ParameterType":null,"IsRetVal":false,"EditorType":null},{"Id":"458386e1-e109-7ecd-9589-e747eb1ec1c1","Code":"pageSize","Name":"分页大小","Description":null,"ParameterType":null,"IsRetVal":false,"EditorType":null},{"Id":"647ce2d9-9cc3-11e2-aaf3-8999d7ea09b9","Code":"pageIndex","Name":"当前页码","Description":null,"ParameterType":null,"IsRetVal":false,"EditorType":null}]},{"Id":"2872ac48-93b3-b6ac-21c9-38c7857859f1","Code":"append","Name":"追加数据","Description":null,"Parameters":[]},{"Id":"7adbc8ce-5ece-9b9d-86ea-635c3820ad18","Code":"remove","Name":"删除数据","Description":null,"Parameters":[{"Id":"0086121e-3844-a598-008a-cbd9ea0f7e9a","Code":"id","Name":"数据id","Description":null,"ParameterType":null,"IsRetVal":false,"EditorType":null},{"Id":"66456e66-8813-d606-0fbb-3f6cbe0456ed","Code":"ifSave","Name":"是否执行保存","Description":null,"ParameterType":null,"IsRetVal":false,"EditorType":null}]},{"Id":"bace3896-d96d-6e5a-35e3-1f51070b2f1d","Code":"save","Name":"保存数据","Description":null,"Parameters":[]},{"Id":"e3d2f574-88c2-f456-7030-0ea073dce7bc","Code":"cancel","Name":"撤销变更","Description":null,"Parameters":[]},{"Id":"cde0f4d4-b0d2-ac8c-117f-8722712f711e","Code":"removeRows","Name":"删除多行数据","Description":null,"Parameters":[{"Id":"f627ac2f-cc07-d984-3955-c7286a8ee2c8","Code":"ids","Name":"待删除行id集合","Description":null,"ParameterType":null,"IsRetVal":false,"EditorType":null}]},{"Id":"4ecb2b51-a866-1a7a-41fd-e904267e3806","Code":"revert","Name":"还原变更集","Description":null,"Parameters":[]},{"Id":"978e39b2-cace-cedf-bc17-847602a336b2","Code":"refreshAfterRemoving","Name":"删除后刷新数据","Description":"","Parameters":[{"Id":"e7e907de-ef3e-3777-a679-aaf0251ee9a3","Code":"refreshCommandName","Name":"数据刷新命令名称","Description":null,"ParameterType":null,"IsRetVal":false,"EditorType":null},{"Id":"d1761a62-d3e7-6a16-a10d-caa4dba78544","Code":"refreshCommandFrameId","Name":"数据刷新命令对应的FrameId","Description":null,"ParameterType":null,"IsRetVal":false,"EditorType":null}]},{"Id":"7f9f66ad-3b9d-3df4-6a8f-d5822724e931","Code":"refresh","Name":"刷新数据","Description":"刷新数据","Parameters":[{"Id":"132dd016-4f58-a85d-cc95-85afad884a33","Code":"loadCmdName","Name":"数据刷新命令名称","Description":"数据刷新命令名称","ParameterType":"string","IsRetVal":false,"EditorType":null},{"Id":"eab51765-0201-7a7d-7c91-f646b380e489","Code":"loadCmdFrameId","Name":"数据刷新命令对应的FrameId","Description":"数据刷新命令对应的FrameId","ParameterType":"string","IsRetVal":false,"EditorType":null}]},{"Id":"1664495d-8ef3-6fa6-2bfe-c18989de9aee","Code":"insert","Name":"插入数据","Description":"插入数据","Parameters":[{"Id":"026f877b-ac66-bff5-8819-3beb1b2efd6d","Code":"position","Name":"插入位置","Description":"插入位置","ParameterType":"","IsRetVal":false,"EditorType":null}]}],"IsCommon":true,"ClassName":"ListDataService","FormCode":null},{"Id":"47f87143-231b-4d0f-b675-e3bb87ba3ba6","Code":"CardDataService","Description":null,"Source":"@farris/command-services","Operations":[{"Id":"f6ab953b-8e64-d727-68e6-5ad34dd89de3","Code":"load","Name":"加载数据","Description":null,"Parameters":[{"Id":"cf32d201-a5cb-e77c-c644-e285d4b77951","Code":"id","Name":"数据id","Description":null,"ParameterType":null,"IsRetVal":false,"EditorType":null}]},{"Id":"b445143d-13c9-0a26-f17e-66d579c3cf04","Code":"update","Name":"更新数据","Description":null,"Parameters":[]},{"Id":"9d3a6a75-cbf0-17c3-3a0d-58bd8eb73480","Code":"add","Name":"新增数据","Description":null,"Parameters":[]},{"Id":"e620a05a-5e52-32e7-b67e-4adfc739e47e","Code":"save","Name":"保存数据","Description":null,"Parameters":[]},{"Id":"ced093f2-1267-6796-1337-0d0752b18e81","Code":"cancel","Name":"取消变更","Description":"同cancelWithCheck。","Parameters":[]},{"Id":"472fc6dc-113b-d6c2-c92a-5d1bb7acaac6","Code":"reload","Name":"重载数据","Description":null,"Parameters":[]},{"Id":"ddf9bd80-69e9-589a-0022-da396fea356a","Code":"edit","Name":"编辑数据","Description":null,"Parameters":[{"Id":"42561bc3-4bf7-eb59-4e13-0489bfc0ed7c","Code":"id","Name":"要编辑的数据id","Description":null,"ParameterType":null,"IsRetVal":false,"EditorType":null}]},{"Id":"42d7ff89-f6e3-ea37-2663-0fab6b4b16e0","Code":"revert","Name":"还原变更集","Description":"同cancelWithoutCheck。","Parameters":[]},{"Id":"719edc48-2afc-bbd0-c101-47fb8d3f5bff","Code":"cancelWithCheck","Name":"取消变更（检查未保存变更）","Description":"取消并检查未保存变更。","Parameters":[]},{"Id":"649b2349-1ce4-a25f-a4c1-f68542691440","Code":"cancelWithoutCheck","Name":"取消变更（不检查未保存变更）","Description":"直接取消，不检查未保存的变更。","Parameters":[]}],"IsCommon":true,"ClassName":"CardDataService","FormCode":null},{"Id":"7c8386ad-c568-46f7-bca0-4095f05c5d64","Code":"StateMachineService","Description":null,"Source":"@farris/command-services","Operations":[{"Id":"6f078217-7f62-c9ac-c880-c681e502d6f1","Code":"transit","Name":"迁移状态","Description":null,"Parameters":[{"Id":"eb60d67b-f074-ba67-28d5-77654caa7adc","Code":"action","Name":"迁移动作","Description":null,"ParameterType":null,"IsRetVal":false,"EditorType":null}]}],"IsCommon":true,"ClassName":"StateMachineService","FormCode":null},{"Id":"c7a3fa1b-5b5b-4409-9b5b-6c4fe2cc3c20","Code":"EndEditService","Description":"结束编辑服务","Source":"@farris/command-services","Operations":[{"Id":"545a2fc0-453a-4790-cfa9-6079d793a6a0","Code":"endEdit","Name":"结束编辑","Description":"结束编辑","Parameters":[]}],"IsCommon":true,"ClassName":"EndEditService","FormCode":null},{"Id":"bb531cd6-5b94-4b75-a3da-99d7d0a7a08c","Code":"ValidationService","Description":"验证数据","Source":"@farris/command-services","Operations":[{"Id":"f6b8a894-62e7-63d7-53ba-16e82885ce21","Code":"validateAll","Name":"验证前端数据","Description":"验证form和实体","Parameters":[]},{"Id":"9bc3d3ea-75ad-13d1-f0b6-6a8686ca8c46","Code":"resetValidation","Name":"重置验证信息","Description":"重置验证信息","Parameters":[]}],"IsCommon":true,"ClassName":"ValidationService","FormCode":null},{"Id":"23e9883e-1e4d-4c5b-bf89-42f895f45bc4","Code":"NavigationService","Description":"导航服务","Source":"@farris/command-services","Operations":[{"Id":"2b7168b2-146f-501d-8a83-848acb8249ef","Code":"openMenu","Name":"打开菜单","Description":null,"Parameters":[{"Id":"f2377a33-eace-d546-e731-d9ecb03998d5","Code":"tabId","Name":"标签页Id","Description":null,"ParameterType":"","IsRetVal":false,"EditorType":null},{"Id":"d3763dbc-5d6a-88ed-8eac-fb062d65d50f","Code":"funcId","Name":"菜单Id","Description":null,"ParameterType":"","IsRetVal":false,"EditorType":null},{"Id":"99011cab-9f8d-cc67-a3c5-898eb5258d80","Code":"params","Name":"参数","Description":null,"ParameterType":"","IsRetVal":false,"EditorType":null},{"Id":"0344e897-d429-0525-5c6f-0909ce49deee","Code":"reload","Name":"是否重新加载","Description":null,"ParameterType":"","IsRetVal":false,"EditorType":null}]},{"Id":"0089aaea-6719-6b99-e1d2-c730510c51ca","Code":"openApp","Name":"打开应用","Description":"","Parameters":[{"Id":"fedcffd1-41cf-0192-4fa6-37e2ca0cc679","Code":"tabId","Name":"标签页Id","Description":null,"ParameterType":null,"IsRetVal":false,"EditorType":null},{"Id":"7e9fe4a1-3e74-5495-6f6f-f4f0f26a6706","Code":"appId","Name":"应用Id","Description":null,"ParameterType":null,"IsRetVal":false,"EditorType":null},{"Id":"61351f64-8718-7458-5c75-4d18bca2dc92","Code":"appEntrance","Name":"应用入口","Description":null,"ParameterType":null,"IsRetVal":false,"EditorType":null},{"Id":"64450871-091c-01d0-c23a-c15ec96e2156","Code":"params","Name":"参数","Description":null,"ParameterType":null,"IsRetVal":false,"EditorType":null},{"Id":"e1d37691-c450-14ae-8db4-6b625206f645","Code":"reload","Name":"是否重新加载","Description":null,"ParameterType":null,"IsRetVal":false,"EditorType":null},{"Id":"b3c07125-a296-057b-14b7-2226c5ca4521","Code":"tabName","Name":"页签标题","Description":null,"ParameterType":null,"IsRetVal":false,"EditorType":null}]},{"Id":"6e2a4176-538c-bc65-2282-2d3bc48a6bdb","Code":"close","Name":"关闭菜单或应用","Description":null,"Parameters":[]},{"Id":"8d742583-5096-8e64-d69c-12520360f250","Code":"destory","Name":"强制关闭","Description":null,"Parameters":[]},{"Id":"32cc2ea5-7880-eccc-6c9c-3f62328ef974","Code":"openMenu$","Name":"打开菜单(流式)","Description":null,"Parameters":[{"Id":"8ef3cde8-923d-a63c-9f24-9e0a61322fa9","Code":"tabId","Name":"标签页Id","Description":null,"ParameterType":"string","IsRetVal":false,"EditorType":null},{"Id":"ad67be53-efcc-970f-6d52-9bb4a6a95fe4","Code":"funcId","Name":"功能Id","Description":null,"ParameterType":"string","IsRetVal":false,"EditorType":null},{"Id":"5f87a3f1-1385-a1cf-3bf3-3b391c4f941c","Code":"params","Name":"参数","Description":null,"ParameterType":"string","IsRetVal":false,"EditorType":null},{"Id":"6b83f407-a20a-66ea-1f9f-f56e37b4cba2","Code":"reload","Name":"是否重新加载","Description":null,"ParameterType":null,"IsRetVal":false,"EditorType":null}]},{"Id":"1b292410-3a61-41e4-12b7-05217168e283","Code":"openApp$","Name":"打开应用(流式)","Description":null,"Parameters":[{"Id":"2eecbef8-b429-880b-3e69-87ccb84aeeda","Code":"tabId","Name":"标签页Id","Description":null,"ParameterType":"string","IsRetVal":false,"EditorType":null},{"Id":"e44602c4-00c6-9a3a-33f2-66c2e044b17f","Code":"appId","Name":"应用Id","Description":null,"ParameterType":"string","IsRetVal":false,"EditorType":null},{"Id":"550bb981-f232-6b50-bd14-233b03a72177","Code":"appEntrance","Name":"应用入口","Description":null,"ParameterType":"string","IsRetVal":false,"EditorType":null},{"Id":"1f12acd0-d2d4-1cb9-22bb-f7b2d74859ce","Code":"params","Name":"参数","Description":null,"ParameterType":"string","IsRetVal":false,"EditorType":null},{"Id":"05c24ae1-125f-fa13-4cf4-11ab39058e5d","Code":"reload","Name":"是否重新加载","Description":null,"ParameterType":null,"IsRetVal":false,"EditorType":null},{"Id":"585b65e3-33b1-7efb-02c8-6804e31647e3","Code":"tabName","Name":"页签标题","Description":null,"ParameterType":null,"IsRetVal":false,"EditorType":null}]}],"IsCommon":true,"ClassName":"NavigationService","FormCode":null},{"Id":"23884f6a-6387-4abe-a964-f55d56cb2911","Code":"CommandService","Description":null,"Source":"@farris/command-services","Operations":[{"Id":"082a7d2e-9c28-fd81-a30b-7373a4ca1836","Code":"execute","Name":"执行命令","Description":null,"Parameters":[{"Id":"9b7ff709-1fce-abb4-f539-b346c15f05fa","Code":"commandName","Name":"命令名称","Description":null,"ParameterType":null,"IsRetVal":false,"EditorType":null},{"Id":"52da2748-04f5-bbfc-5f53-b7c96405973e","Code":"frameId","Name":"框架id","Description":null,"ParameterType":null,"IsRetVal":false,"EditorType":null}]},{"Id":"cd2d412a-a2d7-3cf8-b026-06486b462a66","Code":"waitForBeSession","Name":"等待BeSession创建","Description":null,"Parameters":[]}],"IsCommon":true,"ClassName":"CommandService","FormCode":null},{"Id":"437ac0e1-f5cd-4728-88bf-5122d59dd1f1","Code":"FilterConditionDataService","Description":null,"Source":"@farris/command-services","Operations":[{"Id":"f99ddd7d-52bb-b906-767b-cba9866a3006","Code":"filter","Name":"过滤数据","Description":"设置查询条件并过滤数据","Parameters":[{"Id":"d94a5c1e-7fda-1ad6-6be8-ee99541c62db","Code":"commandName","Name":"表单数据加载命令名称","Description":"表单数据加载命令名称","ParameterType":"string","IsRetVal":false,"EditorType":null},{"Id":"1ddc2a8e-c995-63cb-cbe8-32e490134bc2","Code":"frameId","Name":"命令所在的FrameId","Description":"命令所在的FrameId","ParameterType":null,"IsRetVal":false,"EditorType":null}]}],"IsCommon":true,"ClassName":"FilterConditionDataService","FormCode":null}]}