{"root-component":{"name":""},"root-layout":{"name":""},"page-header":{"name":""},"header-nav":{"name":""},"header-title-container":{"name":""},"page-header-title":{"name":""},"page-header-toolbar":{"name":""},"button-add":{"name":"新增"},"button-edit":{"name":"编辑"},"button-save":{"name":"保存"},"button-cancel":{"name":"取消"},"button-delete":{"name":"删除"},"button-close":{"name":"关闭"},"main-container":{"name":""},"content-splitter":{"name":""},"content-list":{"name":""},"data-grid-component-ref":{"name":""},"content-main":{"name":""},"detail-component-ref":{"name":""},"data-grid-component":{"name":""},"data-grid-section":{"name":""},"Section/data-grid-section/mainTitle":{"name":""},"Section/data-grid-section/subTitle":{"name":""},"dataGrid":{"name":""},"DataGrid/dataGrid/lineNumberTitle":{"name":""},"DataGrid/dataGrid/OperateEditButton":{"name":"编辑"},"DataGrid/dataGrid/OperateDeleteButton":{"name":"删除"},"DataGrid/dataGrid/OperateColumn":{"name":"操作"},"gridField_2ab0ad3d-b006-44aa-bac7-b5ec2086eb79_code":{"name":"活动编号"},"gridField_475ee71c-76a9-4d1e-bd62-2112ab7a29e5_title":{"name":"活动主题"},"gridField_46d598fa-a725-4b35-81d5-1a5f6ccd2aa0_location":{"name":"活动地点"},"detail-form-component":{"name":""},"detail-form-section":{"name":""},"Section/detail-form-section/mainTitle":{"name":""},"Section/detail-form-section/subTitle":{"name":""},"detail-form-layout":{"name":""},"form_code":{"name":"活动编号"},"form_title":{"name":"活动主题"},"form_location":{"name":"活动地点"},"form_geoLng":{"name":"地理经度"},"form_geoLat":{"name":"地理纬度"},"amap":{"name":""}}