[{"Id":"2a7d0ea5-55ef-4688-a7e2-2dcb353dbd79","Code":"activityFormNew_frm","Name":"活动管理表单_frm","Version":"1.0","Description":"activityFormNew_frm服务","BizObject":"e7c6ce15-0b27-40b6-b089-141b4797e0ac","CriticalApplication":"gsp","ServiceUnit":"myapp","RouteUrl":"activityformnew_frm","Service":{"Id":"21747778-a5f8-43b6-a5fa-f11fd551ed68","ResourceId":"adae5fde-3dec-47d5-8ca6-0099585875b7","ResourceType":"VO","ResourceCode":"Inspur.GS.Gsp.myapp.activityNew.Vo.activityFormNew_frm","ResourceName":"活动管理表单_frm","ResourcePath":"Gsp/myapp/activityNew/bo-activitynewfront/metadata/components","ResourceFileName":"activityFormNew_frm.vo","Operations":[{"Id":"adae5fde-3dec-47d5-8ca6-0099585875b7&^^&CreateSession","Code":"CreateSession","Name":"创建Session","Description":"创建Session","HttpMethod":"POST","Template":"service/createsession","IsDeprecated":false,"Parameters":[{"Id":"adae5fde-3dec-47d5-8ca6-0099585875b7&^^&CreateSessionParam","Code":"sessionId","Name":"sessionId","Description":"功能sessionId","IsCollection":false,"IsRetVal":true,"IsBasicType":true,"ModelId":"string","ModelCode":null,"ModelName":"string","RefId":null,"RefCode":null,"RefName":null,"RefPath":null,"RefFileName":null,"ModelType":0,"In":"","IsRequired":true,"ListDeepth":0}],"ResourceOpId":"adae5fde-3dec-47d5-8ca6-0099585875b7&^^&CreateSession","Transaction":false,"AssemblyInfo":null,"Extend1":"Basic","Extend2":null},{"Id":"adae5fde-3dec-47d5-8ca6-0099585875b7&^^&CloseSession","Code":"CloseSession","Name":"关闭Session","Description":"关闭Session","HttpMethod":"POST","Template":"service/closesession","IsDeprecated":false,"Parameters":null,"ResourceOpId":"adae5fde-3dec-47d5-8ca6-0099585875b7&^^&CloseSession","Transaction":false,"AssemblyInfo":null,"Extend1":"Basic","Extend2":null},{"Id":"adae5fde-3dec-47d5-8ca6-0099585875b7&^^&Create","Code":"Create","Name":"新增","Description":"新增","HttpMethod":"POST","Template":"","IsDeprecated":false,"Parameters":[{"Id":"adae5fde-3dec-47d5-8ca6-0099585875b7&^^&RequestInfo","Code":"requestInfo","Name":"请求信息","Description":"请求信息","IsCollection":false,"IsRetVal":false,"IsBasicType":false,"ModelId":"Inspur.Gsp.Cef.Api#Inspur.Gsp.Cef.Api.RequestInfo","ModelCode":"RequestInfo","ModelName":"RequestInfo","RefId":"Inspur.Gsp.Cef.Api#Inspur.Gsp.Cef.Api.RequestInfo","RefCode":"RequestInfo","RefName":"RequestInfo","RefPath":null,"RefFileName":null,"ModelType":1,"In":"Body","IsRequired":false,"ListDeepth":0},{"Id":"adae5fde-3dec-47d5-8ca6-0099585875b7&^^&defaultValue","Code":"defaultValue","Name":"默认值","Description":"默认值","IsCollection":false,"IsRetVal":false,"IsBasicType":false,"ModelId":"Inspur.GS.Gsp.myapp.activityNew.Vo.activityFormNew_frm.Entity#Inspur.GS.Gsp.myapp.activityNew.Vo.activityFormNew_frm.Entity.activityFormNew_frmDefaultValue","ModelCode":"activityFormNew_frmDefaultValue","ModelName":"activityFormNew_frmDefaultValue","RefId":"Inspur.GS.Gsp.myapp.activityNew.Vo.activityFormNew_frm.Entity#Inspur.GS.Gsp.myapp.activityNew.Vo.activityFormNew_frm.Entity.activityFormNew_frmDefaultValue","RefCode":"activityFormNew_frmDefaultValue","RefName":"activityFormNew_frmDefaultValue","RefPath":null,"RefFileName":null,"ModelType":1,"In":"Body","IsRequired":false,"ListDeepth":0},{"Id":"adae5fde-3dec-47d5-8ca6-0099585875b7&^^&ResponseInfo","Code":"responseInfo","Name":"响应信息","Description":"响应信息","IsCollection":false,"IsRetVal":true,"IsBasicType":false,"ModelId":"Inspur.Gsp.Cef.Api#Inspur.Gsp.Cef.Api.ResponseInfo","ModelCode":"ResponseInfo","ModelName":"ResponseInfo","RefId":"Inspur.Gsp.Cef.Api#Inspur.Gsp.Cef.Api.ResponseInfo","RefCode":"ResponseInfo","RefName":"ResponseInfo","RefPath":null,"RefFileName":null,"ModelType":1,"In":"","IsRequired":true,"ListDeepth":0}],"ResourceOpId":"adae5fde-3dec-47d5-8ca6-0099585875b7&^^&Create","Transaction":false,"AssemblyInfo":null,"Extend1":"Basic","Extend2":null},{"Id":"adae5fde-3dec-47d5-8ca6-0099585875b7&^^&Edit","Code":"Edit","Name":"编辑","Description":"编辑","HttpMethod":"PUT","Template":"/service/edit/{dataId}","IsDeprecated":false,"Parameters":[{"Id":"adae5fde-3dec-47d5-8ca6-0099585875b7&^^&RequestInfo","Code":"requestInfo","Name":"请求信息","Description":"请求信息","IsCollection":false,"IsRetVal":false,"IsBasicType":false,"ModelId":"Inspur.Gsp.Cef.Api#Inspur.Gsp.Cef.Api.RequestInfo","ModelCode":"RequestInfo","ModelName":"RequestInfo","RefId":"Inspur.Gsp.Cef.Api#Inspur.Gsp.Cef.Api.RequestInfo","RefCode":"RequestInfo","RefName":"RequestInfo","RefPath":null,"RefFileName":null,"ModelType":1,"In":"Body","IsRequired":false,"ListDeepth":0},{"Id":"adae5fde-3dec-47d5-8ca6-0099585875b7&^^&RetrieveParam","Code":"dataId","Name":"单据内码","Description":"单据内码","IsCollection":false,"IsRetVal":false,"IsBasicType":true,"ModelId":"string","ModelCode":null,"ModelName":"string","RefId":null,"RefCode":null,"RefName":null,"RefPath":null,"RefFileName":null,"ModelType":0,"In":"Path","IsRequired":true,"ListDeepth":0},{"Id":"adae5fde-3dec-47d5-8ca6-0099585875b7&^^&ResponseInfo","Code":"responseInfo","Name":"响应信息","Description":"响应信息","IsCollection":false,"IsRetVal":true,"IsBasicType":false,"ModelId":"Inspur.Gsp.Cef.Api#Inspur.Gsp.Cef.Api.ResponseInfo","ModelCode":"ResponseInfo","ModelName":"ResponseInfo","RefId":"Inspur.Gsp.Cef.Api#Inspur.Gsp.Cef.Api.ResponseInfo","RefCode":"ResponseInfo","RefName":"ResponseInfo","RefPath":null,"RefFileName":null,"ModelType":1,"In":"","IsRequired":true,"ListDeepth":0}],"ResourceOpId":"adae5fde-3dec-47d5-8ca6-0099585875b7&^^&Edit","Transaction":false,"AssemblyInfo":null,"Extend1":"Basic","Extend2":null},{"Id":"adae5fde-3dec-47d5-8ca6-0099585875b7&^^&Delete","Code":"Delete","Name":"删除","Description":"删除","HttpMethod":"DELETE","Template":"/{dataId}","IsDeprecated":false,"Parameters":[{"Id":"adae5fde-3dec-47d5-8ca6-0099585875b7&^^&DeleteParam","Code":"dataId","Name":"单据内码","Description":"单据内码","IsCollection":false,"IsRetVal":false,"IsBasicType":true,"ModelId":"string","ModelCode":null,"ModelName":"string","RefId":null,"RefCode":null,"RefName":null,"RefPath":null,"RefFileName":null,"ModelType":0,"In":"Path","IsRequired":true,"ListDeepth":0}],"ResourceOpId":"adae5fde-3dec-47d5-8ca6-0099585875b7&^^&Delete","Transaction":false,"AssemblyInfo":null,"Extend1":"Basic","Extend2":null},{"Id":"adae5fde-3dec-47d5-8ca6-0099585875b7&^^&BatchDelete","Code":"BatchDelete","Name":"批量删除","Description":"批量删除","HttpMethod":"DELETE","Template":"","IsDeprecated":false,"Parameters":[{"Id":"adae5fde-3dec-47d5-8ca6-0099585875b7&^^&BatchDeleteParam","Code":"ids","Name":"单据内码列表","Description":"单据内码列表","IsCollection":false,"IsRetVal":false,"IsBasicType":true,"ModelId":"string","ModelCode":null,"ModelName":"string","RefId":null,"RefCode":null,"RefName":null,"RefPath":null,"RefFileName":null,"ModelType":0,"In":"Query","IsRequired":true,"ListDeepth":0}],"ResourceOpId":"adae5fde-3dec-47d5-8ca6-0099585875b7&^^&BatchDelete","Transaction":false,"AssemblyInfo":null,"Extend1":"Basic","Extend2":null},{"Id":"adae5fde-3dec-47d5-8ca6-0099585875b7&^^&DeleteAndSave","Code":"DeleteAndSave","Name":"删除并保存","Description":"删除并保存","HttpMethod":"PUT","Template":"/service/delete/{dataId}","IsDeprecated":false,"Parameters":[{"Id":"adae5fde-3dec-47d5-8ca6-0099585875b7&^^&RequestInfo","Code":"requestInfo","Name":"请求信息","Description":"请求信息","IsCollection":false,"IsRetVal":false,"IsBasicType":false,"ModelId":"Inspur.Gsp.Cef.Api#Inspur.Gsp.Cef.Api.RequestInfo","ModelCode":"RequestInfo","ModelName":"RequestInfo","RefId":"Inspur.Gsp.Cef.Api#Inspur.Gsp.Cef.Api.RequestInfo","RefCode":"RequestInfo","RefName":"RequestInfo","RefPath":null,"RefFileName":null,"ModelType":1,"In":"Body","IsRequired":false,"ListDeepth":0},{"Id":"adae5fde-3dec-47d5-8ca6-0099585875b7&^^&DeleteParam","Code":"dataId","Name":"单据内码","Description":"单据内码","IsCollection":false,"IsRetVal":false,"IsBasicType":true,"ModelId":"string","ModelCode":null,"ModelName":"string","RefId":null,"RefCode":null,"RefName":null,"RefPath":null,"RefFileName":null,"ModelType":0,"In":"Path","IsRequired":true,"ListDeepth":0},{"Id":"adae5fde-3dec-47d5-8ca6-0099585875b7&^^&ResponseInfo","Code":"responseInfo","Name":"响应信息","Description":"响应信息","IsCollection":false,"IsRetVal":true,"IsBasicType":false,"ModelId":"Inspur.Gsp.Cef.Api#Inspur.Gsp.Cef.Api.ResponseInfo","ModelCode":"ResponseInfo","ModelName":"ResponseInfo","RefId":"Inspur.Gsp.Cef.Api#Inspur.Gsp.Cef.Api.ResponseInfo","RefCode":"ResponseInfo","RefName":"ResponseInfo","RefPath":null,"RefFileName":null,"ModelType":1,"In":"","IsRequired":true,"ListDeepth":0}],"ResourceOpId":"adae5fde-3dec-47d5-8ca6-0099585875b7&^^&DeleteAndSave","Transaction":false,"AssemblyInfo":null,"Extend1":"Basic","Extend2":null},{"Id":"adae5fde-3dec-47d5-8ca6-0099585875b7&^^&Update","Code":"Update","Name":"修改","Description":"修改","HttpMethod":"PATCH","Template":"","IsDeprecated":false,"Parameters":[{"Id":"adae5fde-3dec-47d5-8ca6-0099585875b7&^^&RequestInfo","Code":"requestInfo","Name":"请求信息","Description":"请求信息","IsCollection":false,"IsRetVal":false,"IsBasicType":false,"ModelId":"Inspur.Gsp.Cef.Api#Inspur.Gsp.Cef.Api.RequestInfo","ModelCode":"RequestInfo","ModelName":"RequestInfo","RefId":"Inspur.Gsp.Cef.Api#Inspur.Gsp.Cef.Api.RequestInfo","RefCode":"RequestInfo","RefName":"RequestInfo","RefPath":null,"RefFileName":null,"ModelType":1,"In":"Body","IsRequired":false,"ListDeepth":0},{"Id":"adae5fde-3dec-47d5-8ca6-0099585875b7&^^&UpdateParam","Code":"changeDetail","Name":"数据变更集","Description":"数据变更集","IsCollection":false,"IsRetVal":false,"IsBasicType":false,"ModelId":"Inspur.GS.Gsp.myapp.activityNew.Vo.activityFormNew_frm.Entity#Inspur.GS.Gsp.myapp.activityNew.Vo.activityFormNew_frm.Entity.activityFormNew_frmViewModelChange","ModelCode":"activityFormNew_frmViewModelChange","ModelName":"activityFormNew_frmViewModelChange","RefId":"Inspur.GS.Gsp.myapp.activityNew.Vo.activityFormNew_frm.Entity#Inspur.GS.Gsp.myapp.activityNew.Vo.activityFormNew_frm.Entity.activityFormNew_frmViewModelChange","RefCode":"activityFormNew_frmViewModelChange","RefName":"activityFormNew_frmViewModelChange","RefPath":null,"RefFileName":null,"ModelType":1,"In":"Body","IsRequired":true,"ListDeepth":0},{"Id":"adae5fde-3dec-47d5-8ca6-0099585875b7&^^&ResponseInfo","Code":"responseInfo","Name":"响应信息","Description":"响应信息","IsCollection":false,"IsRetVal":true,"IsBasicType":false,"ModelId":"Inspur.Gsp.Cef.Api#Inspur.Gsp.Cef.Api.ResponseInfo","ModelCode":"ResponseInfo","ModelName":"ResponseInfo","RefId":"Inspur.Gsp.Cef.Api#Inspur.Gsp.Cef.Api.ResponseInfo","RefCode":"ResponseInfo","RefName":"ResponseInfo","RefPath":null,"RefFileName":null,"ModelType":1,"In":"","IsRequired":true,"ListDeepth":0}],"ResourceOpId":"adae5fde-3dec-47d5-8ca6-0099585875b7&^^&Update","Transaction":false,"AssemblyInfo":null,"Extend1":"Basic","Extend2":null},{"Id":"adae5fde-3dec-47d5-8ca6-0099585875b7&^^&Retrieve","Code":"Retrieve","Name":"数据检索","Description":"数据检索","HttpMethod":"GET","Template":"/{dataId}","IsDeprecated":false,"Parameters":[{"Id":"adae5fde-3dec-47d5-8ca6-0099585875b7&^^&RetrieveParam","Code":"dataId","Name":"单据内码","Description":"单据内码","IsCollection":false,"IsRetVal":false,"IsBasicType":true,"ModelId":"string","ModelCode":null,"ModelName":"string","RefId":null,"RefCode":null,"RefName":null,"RefPath":null,"RefFileName":null,"ModelType":0,"In":"Path","IsRequired":true,"ListDeepth":0},{"Id":"adae5fde-3dec-47d5-8ca6-0099585875b7&^^&RetrieveParam1","Code":"activityNew","Name":"activityNew","Description":"实体模型","IsCollection":false,"IsRetVal":true,"IsBasicType":false,"ModelId":"adae5fde-3dec-47d5-8ca6-0099585875b7","ModelCode":"activityFormNew_frm","ModelName":"activityFormNew_frm","RefId":"233e2cf5-4ff7-47c4-b91b-ea172a9fbdb0","RefCode":"activityNew","RefName":"activityNew","RefPath":"Gsp/myapp/activityNew/bo-activitynewfront/metadata/components","RefFileName":"activityFormNew_frm.vo","ModelType":0,"In":"","IsRequired":true,"ListDeepth":0}],"ResourceOpId":"adae5fde-3dec-47d5-8ca6-0099585875b7&^^&Retrieve","Transaction":false,"AssemblyInfo":null,"Extend1":"Basic","Extend2":null},{"Id":"adae5fde-3dec-47d5-8ca6-0099585875b7&^^&RetrieveWithChildPagination","Code":"RetrieveWithChildPagination","Name":"数据检索","Description":"数据检索(包含子表数据)","HttpMethod":"PUT","Template":"/service/retrieve/{dataId}","IsDeprecated":false,"Parameters":[{"Id":"adae5fde-3dec-47d5-8ca6-0099585875b7&^^&RequestInfo","Code":"requestInfo","Name":"请求信息","Description":"请求信息","IsCollection":false,"IsRetVal":false,"IsBasicType":false,"ModelId":"Inspur.Gsp.Cef.Api#Inspur.Gsp.Cef.Api.RequestInfo","ModelCode":"RequestInfo","ModelName":"RequestInfo","RefId":"Inspur.Gsp.Cef.Api#Inspur.Gsp.Cef.Api.RequestInfo","RefCode":"RequestInfo","RefName":"RequestInfo","RefPath":null,"RefFileName":null,"ModelType":1,"In":"Body","IsRequired":false,"ListDeepth":0},{"Id":"adae5fde-3dec-47d5-8ca6-0099585875b7&^^&dataId","Code":"dataId","Name":"单据内码","Description":"单据内码","IsCollection":false,"IsRetVal":false,"IsBasicType":true,"ModelId":"string","ModelCode":null,"ModelName":"string","RefId":null,"RefCode":null,"RefName":null,"RefPath":null,"RefFileName":null,"ModelType":0,"In":"Path","IsRequired":true,"ListDeepth":0},{"Id":"adae5fde-3dec-47d5-8ca6-0099585875b7&^^&retrieveParam","Code":"retrieveParam","Name":"查询参数","Description":"查询参数","IsCollection":false,"IsRetVal":false,"IsBasicType":false,"ModelId":"Inspur.Gsp.Bef.Api##Inspur.Gsp.Bef.Api.Parameter.RetrieveParam","ModelCode":"RetrieveParam","ModelName":"RetrieveParam","RefId":"Inspur.Gsp.Bef.Api##Inspur.Gsp.Bef.Api.Parameter.RetrieveParam","RefCode":"RetrieveParam","RefName":"RetrieveParam","RefPath":null,"RefFileName":null,"ModelType":1,"In":"Body","IsRequired":true,"ListDeepth":0},{"Id":"adae5fde-3dec-47d5-8ca6-0099585875b7&^^&ResponseInfo","Code":"responseInfo","Name":"响应信息","Description":"响应信息","IsCollection":false,"IsRetVal":true,"IsBasicType":false,"ModelId":"Inspur.Gsp.Cef.Api#Inspur.Gsp.Cef.Api.ResponseInfo","ModelCode":"ResponseInfo","ModelName":"ResponseInfo","RefId":"Inspur.Gsp.Cef.Api#Inspur.Gsp.Cef.Api.ResponseInfo","RefCode":"ResponseInfo","RefName":"ResponseInfo","RefPath":null,"RefFileName":null,"ModelType":1,"In":"","IsRequired":true,"ListDeepth":0}],"ResourceOpId":"adae5fde-3dec-47d5-8ca6-0099585875b7&^^&RetrieveWithChildPagination","Transaction":false,"AssemblyInfo":null,"Extend1":"Basic","Extend2":null},{"Id":"adae5fde-3dec-47d5-8ca6-0099585875b7&^^&QueryChild","Code":"QueryChild","Name":"子表查询","Description":"子表数据查询","HttpMethod":"PUT","Template":"/service/querychild","IsDeprecated":false,"Parameters":[{"Id":"adae5fde-3dec-47d5-8ca6-0099585875b7&^^&RequestInfo","Code":"requestInfo","Name":"请求信息","Description":"请求信息","IsCollection":false,"IsRetVal":false,"IsBasicType":false,"ModelId":"Inspur.Gsp.Cef.Api#Inspur.Gsp.Cef.Api.RequestInfo","ModelCode":"RequestInfo","ModelName":"RequestInfo","RefId":"Inspur.Gsp.Cef.Api#Inspur.Gsp.Cef.Api.RequestInfo","RefCode":"RequestInfo","RefName":"RequestInfo","RefPath":null,"RefFileName":null,"ModelType":1,"In":"Body","IsRequired":false,"ListDeepth":0},{"Id":"adae5fde-3dec-47d5-8ca6-0099585875b7&^^&nodeCodes","Code":"nodeCodes","Name":"节点编号列表","Description":"节点编号列表","IsCollection":true,"IsRetVal":false,"IsBasicType":true,"ModelId":"string","ModelCode":null,"ModelName":"string","RefId":null,"RefCode":null,"RefName":null,"RefPath":null,"RefFileName":null,"ModelType":0,"In":"Body","IsRequired":true,"ListDeepth":1},{"Id":"adae5fde-3dec-47d5-8ca6-0099585875b7&^^&ids","Code":"ids","Name":"内码列表","Description":"内码列表","IsCollection":true,"IsRetVal":false,"IsBasicType":true,"ModelId":"string","ModelCode":null,"ModelName":"string","RefId":null,"RefCode":null,"RefName":null,"RefPath":null,"RefFileName":null,"ModelType":0,"In":"Body","IsRequired":true,"ListDeepth":1},{"Id":"adae5fde-3dec-47d5-8ca6-0099585875b7&^^&pagination ","Code":"pagination ","Name":"分页信息","Description":"分页信息","IsCollection":false,"IsRetVal":false,"IsBasicType":false,"ModelId":"Inspur.Ecp.Caf.Common##Inspur.Ecp.Caf.Common.Pagination","ModelCode":"Pagination","ModelName":"Pagination","RefId":"Inspur.Ecp.Caf.Common##Inspur.Ecp.Caf.Common.Pagination","RefCode":"Pagination","RefName":"Pagination","RefPath":null,"RefFileName":null,"ModelType":1,"In":"Body","IsRequired":true,"ListDeepth":0},{"Id":"adae5fde-3dec-47d5-8ca6-0099585875b7&^^&ResponseInfo","Code":"responseInfo","Name":"响应信息","Description":"响应信息","IsCollection":false,"IsRetVal":true,"IsBasicType":false,"ModelId":"Inspur.Gsp.Cef.Api#Inspur.Gsp.Cef.Api.ResponseInfo","ModelCode":"ResponseInfo","ModelName":"ResponseInfo","RefId":"Inspur.Gsp.Cef.Api#Inspur.Gsp.Cef.Api.ResponseInfo","RefCode":"ResponseInfo","RefName":"ResponseInfo","RefPath":null,"RefFileName":null,"ModelType":1,"In":"","IsRequired":true,"ListDeepth":0}],"ResourceOpId":"adae5fde-3dec-47d5-8ca6-0099585875b7&^^&QueryChild","Transaction":false,"AssemblyInfo":null,"Extend1":"Basic","Extend2":null},{"Id":"adae5fde-3dec-47d5-8ca6-0099585875b7&^^&Query","Code":"Query","Name":"过滤查询","Description":"过滤查询","HttpMethod":"GET","Template":"","IsDeprecated":false,"Parameters":[{"Id":"adae5fde-3dec-47d5-8ca6-0099585875b7&^^&EntityFilterParam","Code":"entityFilter","Name":"过滤条件","Description":"过滤条件","IsCollection":false,"IsRetVal":false,"IsBasicType":true,"ModelId":"string","ModelCode":null,"ModelName":"string","RefId":null,"RefCode":null,"RefName":null,"RefPath":null,"RefFileName":null,"ModelType":0,"In":"Query","IsRequired":true,"ListDeepth":0},{"Id":"adae5fde-3dec-47d5-8ca6-0099585875b7&^^&QueryParam","Code":"activityNew","Name":"activityNew","Description":"实体模型","IsCollection":true,"IsRetVal":true,"IsBasicType":false,"ModelId":"adae5fde-3dec-47d5-8ca6-0099585875b7","ModelCode":"activityFormNew_frm","ModelName":"activityFormNew_frm","RefId":"233e2cf5-4ff7-47c4-b91b-ea172a9fbdb0","RefCode":"activityNew","RefName":"activityNew","RefPath":"Gsp/myapp/activityNew/bo-activitynewfront/metadata/components","RefFileName":"activityFormNew_frm.vo","ModelType":0,"In":"","IsRequired":true,"ListDeepth":1}],"ResourceOpId":"adae5fde-3dec-47d5-8ca6-0099585875b7&^^&Query","Transaction":false,"AssemblyInfo":null,"Extend1":"Basic","Extend2":null},{"Id":"adae5fde-3dec-47d5-8ca6-0099585875b7&^^&Save","Code":"Save","Name":"保存","Description":"保存","HttpMethod":"PUT","Template":"","IsDeprecated":false,"Parameters":[{"Id":"adae5fde-3dec-47d5-8ca6-0099585875b7&^^&RequestInfo","Code":"requestInfo","Name":"请求信息","Description":"请求信息","IsCollection":false,"IsRetVal":false,"IsBasicType":false,"ModelId":"Inspur.Gsp.Cef.Api#Inspur.Gsp.Cef.Api.RequestInfo","ModelCode":"RequestInfo","ModelName":"RequestInfo","RefId":"Inspur.Gsp.Cef.Api#Inspur.Gsp.Cef.Api.RequestInfo","RefCode":"RequestInfo","RefName":"RequestInfo","RefPath":null,"RefFileName":null,"ModelType":1,"In":"Body","IsRequired":false,"ListDeepth":0},{"Id":"adae5fde-3dec-47d5-8ca6-0099585875b7&^^&ResponseInfo","Code":"responseInfo","Name":"响应信息","Description":"响应信息","IsCollection":false,"IsRetVal":true,"IsBasicType":false,"ModelId":"Inspur.Gsp.Cef.Api#Inspur.Gsp.Cef.Api.ResponseInfo","ModelCode":"ResponseInfo","ModelName":"ResponseInfo","RefId":"Inspur.Gsp.Cef.Api#Inspur.Gsp.Cef.Api.ResponseInfo","RefCode":"ResponseInfo","RefName":"ResponseInfo","RefPath":null,"RefFileName":null,"ModelType":1,"In":"","IsRequired":true,"ListDeepth":0}],"ResourceOpId":"adae5fde-3dec-47d5-8ca6-0099585875b7&^^&Save","Transaction":false,"AssemblyInfo":null,"Extend1":"Basic","Extend2":null},{"Id":"adae5fde-3dec-47d5-8ca6-0099585875b7&^^&Cancel","Code":"Cancel","Name":"取消","Description":"取消","HttpMethod":"POST","Template":"service/cancel","IsDeprecated":false,"Parameters":[],"ResourceOpId":"adae5fde-3dec-47d5-8ca6-0099585875b7&^^&Cancel","Transaction":false,"AssemblyInfo":null,"Extend1":"Basic","Extend2":null},{"Id":"adae5fde-3dec-47d5-8ca6-0099585875b7&^^&ElementHelp","Code":"GetElementHelp","Name":"获取字段帮助","Description":"根据labelId获取字段帮助","HttpMethod":"GET","Template":"elementhelps/{labelId}","IsDeprecated":false,"Parameters":[{"Id":"adae5fde-3dec-47d5-8ca6-0099585875b7&^^&labelIdParam","Code":"labelId","Name":"标签Id","Description":"标签内码","IsCollection":false,"IsRetVal":false,"IsBasicType":true,"ModelId":"string","ModelCode":null,"ModelName":"string","RefId":null,"RefCode":null,"RefName":null,"RefPath":null,"RefFileName":null,"ModelType":0,"In":"Path","IsRequired":true,"ListDeepth":0},{"Id":"adae5fde-3dec-47d5-8ca6-0099585875b7&^^&nodeCodeParam","Code":"nodeCode","Name":"节点编号","Description":"节点编号","IsCollection":false,"IsRetVal":false,"IsBasicType":true,"ModelId":"string","ModelCode":null,"ModelName":"string","RefId":null,"RefCode":null,"RefName":null,"RefPath":null,"RefFileName":null,"ModelType":0,"In":"Query","IsRequired":true,"ListDeepth":0},{"Id":"adae5fde-3dec-47d5-8ca6-0099585875b7&^^&queryParam","Code":"queryParam","Name":"查询参数","Description":"查询参数","IsCollection":false,"IsRetVal":false,"IsBasicType":true,"ModelId":"string","ModelCode":null,"ModelName":"string","RefId":null,"RefCode":null,"RefName":null,"RefPath":null,"RefFileName":null,"ModelType":0,"In":"Query","IsRequired":true,"ListDeepth":0},{"Id":"adae5fde-3dec-47d5-8ca6-0099585875b7&^^&ElementHelpRetParam","Code":"return","Name":"返回值","Description":"返回值","IsCollection":false,"IsRetVal":true,"IsBasicType":false,"ModelId":"Inspur.Gsp.Web.LookupManager.Api#Inspur.Gsp.Web.LookupManager.LookupResult","ModelCode":"LookupResult","ModelName":"LookupResult","RefId":"Inspur.Gsp.Web.LookupManager.Api#Inspur.Gsp.Web.LookupManager.LookupResult","RefCode":"LookupResult","RefName":"LookupResult","RefPath":null,"RefFileName":null,"ModelType":1,"In":"","IsRequired":true,"ListDeepth":0}],"ResourceOpId":"adae5fde-3dec-47d5-8ca6-0099585875b7&^^&ElementHelp","Transaction":false,"AssemblyInfo":null,"Extend1":"Basic","Extend2":null},{"Id":"adae5fde-3dec-47d5-8ca6-0099585875b7&^^&Extend_Delete","Code":"Extend_Delete","Name":"扩展删除","Description":"扩展删除","HttpMethod":"PUT","Template":"/extension/delete/{dataId}","IsDeprecated":false,"Parameters":[{"Id":"adae5fde-3dec-47d5-8ca6-0099585875b7&^^&RequestInfo","Code":"requestInfo","Name":"请求信息","Description":"请求信息","IsCollection":false,"IsRetVal":false,"IsBasicType":false,"ModelId":"Inspur.Gsp.Cef.Api#Inspur.Gsp.Cef.Api.RequestInfo","ModelCode":"RequestInfo","ModelName":"RequestInfo","RefId":"Inspur.Gsp.Cef.Api#Inspur.Gsp.Cef.Api.RequestInfo","RefCode":"RequestInfo","RefName":"RequestInfo","RefPath":null,"RefFileName":null,"ModelType":1,"In":"Body","IsRequired":false,"ListDeepth":0},{"Id":"adae5fde-3dec-47d5-8ca6-0099585875b7&^^&DeleteParam","Code":"dataId","Name":"单据内码","Description":"单据内码","IsCollection":false,"IsRetVal":false,"IsBasicType":true,"ModelId":"string","ModelCode":null,"ModelName":"string","RefId":null,"RefCode":null,"RefName":null,"RefPath":null,"RefFileName":null,"ModelType":0,"In":"Path","IsRequired":true,"ListDeepth":0},{"Id":"adae5fde-3dec-47d5-8ca6-0099585875b7&^^&ResponseInfo","Code":"responseInfo","Name":"响应信息","Description":"响应信息","IsCollection":false,"IsRetVal":true,"IsBasicType":false,"ModelId":"Inspur.Gsp.Cef.Api#Inspur.Gsp.Cef.Api.ResponseInfo","ModelCode":"ResponseInfo","ModelName":"ResponseInfo","RefId":"Inspur.Gsp.Cef.Api#Inspur.Gsp.Cef.Api.ResponseInfo","RefCode":"ResponseInfo","RefName":"ResponseInfo","RefPath":null,"RefFileName":null,"ModelType":1,"In":"","IsRequired":true,"ListDeepth":0}],"ResourceOpId":"adae5fde-3dec-47d5-8ca6-0099585875b7&^^&Extend_Delete","Transaction":false,"AssemblyInfo":null,"Extend1":"Basic","Extend2":null},{"Id":"adae5fde-3dec-47d5-8ca6-0099585875b7&^^&Extend_BatchDelete","Code":"Extend_BatchDelete","Name":"扩展批量删除","Description":"扩展批量删除","HttpMethod":"PUT","Template":"/extension/batchdelete","IsDeprecated":false,"Parameters":[{"Id":"adae5fde-3dec-47d5-8ca6-0099585875b7&^^&RequestInfo","Code":"requestInfo","Name":"请求信息","Description":"请求信息","IsCollection":false,"IsRetVal":false,"IsBasicType":false,"ModelId":"Inspur.Gsp.Cef.Api#Inspur.Gsp.Cef.Api.RequestInfo","ModelCode":"RequestInfo","ModelName":"RequestInfo","RefId":"Inspur.Gsp.Cef.Api#Inspur.Gsp.Cef.Api.RequestInfo","RefCode":"RequestInfo","RefName":"RequestInfo","RefPath":null,"RefFileName":null,"ModelType":1,"In":"Body","IsRequired":false,"ListDeepth":0},{"Id":"adae5fde-3dec-47d5-8ca6-0099585875b7&^^&BatchDeleteParam","Code":"ids","Name":"单据内码列表","Description":"单据内码列表","IsCollection":false,"IsRetVal":false,"IsBasicType":true,"ModelId":"string","ModelCode":null,"ModelName":"string","RefId":null,"RefCode":null,"RefName":null,"RefPath":null,"RefFileName":null,"ModelType":0,"In":"Query","IsRequired":true,"ListDeepth":0},{"Id":"adae5fde-3dec-47d5-8ca6-0099585875b7&^^&ResponseInfo","Code":"responseInfo","Name":"响应信息","Description":"响应信息","IsCollection":false,"IsRetVal":true,"IsBasicType":false,"ModelId":"Inspur.Gsp.Cef.Api#Inspur.Gsp.Cef.Api.ResponseInfo","ModelCode":"ResponseInfo","ModelName":"ResponseInfo","RefId":"Inspur.Gsp.Cef.Api#Inspur.Gsp.Cef.Api.ResponseInfo","RefCode":"ResponseInfo","RefName":"ResponseInfo","RefPath":null,"RefFileName":null,"ModelType":1,"In":"","IsRequired":true,"ListDeepth":0}],"ResourceOpId":"adae5fde-3dec-47d5-8ca6-0099585875b7&^^&Extend_BatchDelete","Transaction":false,"AssemblyInfo":null,"Extend1":"Basic","Extend2":null},{"Id":"adae5fde-3dec-47d5-8ca6-0099585875b7&^^&Extend_Retrieve","Code":"Extend_Retrieve","Name":"扩展数据检索","Description":"扩展数据检索","HttpMethod":"PUT","Template":"/extension/retrieve/{dataId}","IsDeprecated":false,"Parameters":[{"Id":"adae5fde-3dec-47d5-8ca6-0099585875b7&^^&RequestInfo","Code":"requestInfo","Name":"请求信息","Description":"请求信息","IsCollection":false,"IsRetVal":false,"IsBasicType":false,"ModelId":"Inspur.Gsp.Cef.Api#Inspur.Gsp.Cef.Api.RequestInfo","ModelCode":"RequestInfo","ModelName":"RequestInfo","RefId":"Inspur.Gsp.Cef.Api#Inspur.Gsp.Cef.Api.RequestInfo","RefCode":"RequestInfo","RefName":"RequestInfo","RefPath":null,"RefFileName":null,"ModelType":1,"In":"Body","IsRequired":false,"ListDeepth":0},{"Id":"adae5fde-3dec-47d5-8ca6-0099585875b7&^^&RetrieveParam","Code":"dataId","Name":"单据内码","Description":"单据内码","IsCollection":false,"IsRetVal":false,"IsBasicType":true,"ModelId":"string","ModelCode":null,"ModelName":"string","RefId":null,"RefCode":null,"RefName":null,"RefPath":null,"RefFileName":null,"ModelType":0,"In":"Path","IsRequired":true,"ListDeepth":0},{"Id":"adae5fde-3dec-47d5-8ca6-0099585875b7&^^&ResponseInfo","Code":"responseInfo","Name":"响应信息","Description":"响应信息","IsCollection":false,"IsRetVal":true,"IsBasicType":false,"ModelId":"Inspur.Gsp.Cef.Api#Inspur.Gsp.Cef.Api.ResponseInfo","ModelCode":"ResponseInfo","ModelName":"ResponseInfo","RefId":"Inspur.Gsp.Cef.Api#Inspur.Gsp.Cef.Api.ResponseInfo","RefCode":"ResponseInfo","RefName":"ResponseInfo","RefPath":null,"RefFileName":null,"ModelType":1,"In":"","IsRequired":true,"ListDeepth":0}],"ResourceOpId":"adae5fde-3dec-47d5-8ca6-0099585875b7&^^&Extend_Retrieve","Transaction":false,"AssemblyInfo":null,"Extend1":"Basic","Extend2":null},{"Id":"adae5fde-3dec-47d5-8ca6-0099585875b7&^^&Extend_Query","Code":"Extend_Query","Name":"扩展过滤查询","Description":"扩展过滤查询","HttpMethod":"PUT","Template":"/extension/query","IsDeprecated":false,"Parameters":[{"Id":"adae5fde-3dec-47d5-8ca6-0099585875b7&^^&RequestInfo","Code":"requestInfo","Name":"请求信息","Description":"请求信息","IsCollection":false,"IsRetVal":false,"IsBasicType":false,"ModelId":"Inspur.Gsp.Cef.Api#Inspur.Gsp.Cef.Api.RequestInfo","ModelCode":"RequestInfo","ModelName":"RequestInfo","RefId":"Inspur.Gsp.Cef.Api#Inspur.Gsp.Cef.Api.RequestInfo","RefCode":"RequestInfo","RefName":"RequestInfo","RefPath":null,"RefFileName":null,"ModelType":1,"In":"Body","IsRequired":false,"ListDeepth":0},{"Id":"adae5fde-3dec-47d5-8ca6-0099585875b7&^^&EntityFilterParam","Code":"entityFilter","Name":"过滤条件","Description":"过滤条件","IsCollection":false,"IsRetVal":false,"IsBasicType":true,"ModelId":"string","ModelCode":null,"ModelName":"string","RefId":null,"RefCode":null,"RefName":null,"RefPath":null,"RefFileName":null,"ModelType":0,"In":"Query","IsRequired":false,"ListDeepth":0},{"Id":"adae5fde-3dec-47d5-8ca6-0099585875b7&^^&ResponseInfo","Code":"responseInfo","Name":"响应信息","Description":"响应信息","IsCollection":false,"IsRetVal":true,"IsBasicType":false,"ModelId":"Inspur.Gsp.Cef.Api#Inspur.Gsp.Cef.Api.ResponseInfo","ModelCode":"ResponseInfo","ModelName":"ResponseInfo","RefId":"Inspur.Gsp.Cef.Api#Inspur.Gsp.Cef.Api.ResponseInfo","RefCode":"ResponseInfo","RefName":"ResponseInfo","RefPath":null,"RefFileName":null,"ModelType":1,"In":"","IsRequired":true,"ListDeepth":0}],"ResourceOpId":"adae5fde-3dec-47d5-8ca6-0099585875b7&^^&Extend_Query","Transaction":false,"AssemblyInfo":null,"Extend1":"Basic","Extend2":null},{"Id":"adae5fde-3dec-47d5-8ca6-0099585875b7&^^&Extend_ElementHelp","Code":"Extend_GetElementHelp","Name":"扩展获取字段帮助","Description":"根据labelId获取字段帮助扩展方法","HttpMethod":"PUT","Template":"/extension/elementhelps","IsDeprecated":false,"Parameters":[{"Id":"adae5fde-3dec-47d5-8ca6-0099585875b7&^^&RequestInfo","Code":"requestInfo","Name":"请求信息","Description":"请求信息","IsCollection":false,"IsRetVal":false,"IsBasicType":false,"ModelId":"Inspur.Gsp.Cef.Api#Inspur.Gsp.Cef.Api.RequestInfo","ModelCode":"RequestInfo","ModelName":"RequestInfo","RefId":"Inspur.Gsp.Cef.Api#Inspur.Gsp.Cef.Api.RequestInfo","RefCode":"RequestInfo","RefName":"RequestInfo","RefPath":null,"RefFileName":null,"ModelType":1,"In":"Body","IsRequired":false,"ListDeepth":0},{"Id":"adae5fde-3dec-47d5-8ca6-0099585875b7&^^&labelIdParam","Code":"labelId","Name":"标签Id","Description":"标签内码","IsCollection":false,"IsRetVal":false,"IsBasicType":true,"ModelId":"string","ModelCode":null,"ModelName":"string","RefId":null,"RefCode":null,"RefName":null,"RefPath":null,"RefFileName":null,"ModelType":0,"In":"Body","IsRequired":true,"ListDeepth":0},{"Id":"adae5fde-3dec-47d5-8ca6-0099585875b7&^^&nodeCodeParam","Code":"nodeCode","Name":"节点编号","Description":"节点编号","IsCollection":false,"IsRetVal":false,"IsBasicType":true,"ModelId":"string","ModelCode":null,"ModelName":"string","RefId":null,"RefCode":null,"RefName":null,"RefPath":null,"RefFileName":null,"ModelType":0,"In":"Body","IsRequired":true,"ListDeepth":0},{"Id":"adae5fde-3dec-47d5-8ca6-0099585875b7&^^&queryParam","Code":"queryParam","Name":"查询参数","Description":"查询参数","IsCollection":false,"IsRetVal":false,"IsBasicType":true,"ModelId":"Inspur.Gsp.Web.LookupManager.Api#Inspur.Gsp.Web.LookupManager.Api.LookupQueryParam","ModelCode":"LookupQueryParam","ModelName":"LookupQueryParam","RefId":"Inspur.Gsp.Web.LookupManager.Api#Inspur.Gsp.Web.LookupManager.Api.LookupQueryParam","RefCode":"LookupQueryParam","RefName":"LookupQueryParam","RefPath":null,"RefFileName":null,"ModelType":1,"In":"Body","IsRequired":true,"ListDeepth":0},{"Id":"adae5fde-3dec-47d5-8ca6-0099585875b7&^^&ResponseInfo","Code":"responseInfo","Name":"响应信息","Description":"响应信息","IsCollection":false,"IsRetVal":true,"IsBasicType":false,"ModelId":"Inspur.Gsp.Cef.Api#Inspur.Gsp.Cef.Api.ResponseInfo","ModelCode":"ResponseInfo","ModelName":"ResponseInfo","RefId":"Inspur.Gsp.Cef.Api#Inspur.Gsp.Cef.Api.ResponseInfo","RefCode":"ResponseInfo","RefName":"ResponseInfo","RefPath":null,"RefFileName":null,"ModelType":1,"In":"","IsRequired":true,"ListDeepth":0}],"ResourceOpId":"adae5fde-3dec-47d5-8ca6-0099585875b7&^^&Extend_ElementHelp","Transaction":false,"AssemblyInfo":null,"Extend1":"Basic","Extend2":null}]},"Models":[{"Id":"Inspur.Gsp.Cef.Api#Inspur.Gsp.Cef.Api.RequestInfo","Code":"RequestInfo","Name":"RequestInfo","ModelId":"Inspur.Gsp.Cef.Api#Inspur.Gsp.Cef.Api.RequestInfo","ModelCode":"RequestInfo","ModelName":"RequestInfo","RelativePath":null,"FileName":null,"ModelType":1},{"Id":"Inspur.GS.Gsp.myapp.activityNew.Vo.activityFormNew_frm.Entity#Inspur.GS.Gsp.myapp.activityNew.Vo.activityFormNew_frm.Entity.activityFormNew_frmDefaultValue","Code":"activityFormNew_frmDefaultValue","Name":"activityFormNew_frmDefaultValue","ModelId":"Inspur.GS.Gsp.myapp.activityNew.Vo.activityFormNew_frm.Entity#Inspur.GS.Gsp.myapp.activityNew.Vo.activityFormNew_frm.Entity.activityFormNew_frmDefaultValue","ModelCode":"activityFormNew_frmDefaultValue","ModelName":"activityFormNew_frmDefaultValue","RelativePath":null,"FileName":null,"ModelType":1},{"Id":"Inspur.Gsp.Cef.Api#Inspur.Gsp.Cef.Api.ResponseInfo","Code":"ResponseInfo","Name":"ResponseInfo","ModelId":"Inspur.Gsp.Cef.Api#Inspur.Gsp.Cef.Api.ResponseInfo","ModelCode":"ResponseInfo","ModelName":"ResponseInfo","RelativePath":null,"FileName":null,"ModelType":1},{"Id":"Inspur.GS.Gsp.myapp.activityNew.Vo.activityFormNew_frm.Entity#Inspur.GS.Gsp.myapp.activityNew.Vo.activityFormNew_frm.Entity.activityFormNew_frmViewModelChange","Code":"activityFormNew_frmViewModelChange","Name":"activityFormNew_frmViewModelChange","ModelId":"Inspur.GS.Gsp.myapp.activityNew.Vo.activityFormNew_frm.Entity#Inspur.GS.Gsp.myapp.activityNew.Vo.activityFormNew_frm.Entity.activityFormNew_frmViewModelChange","ModelCode":"activityFormNew_frmViewModelChange","ModelName":"activityFormNew_frmViewModelChange","RelativePath":null,"FileName":null,"ModelType":1},{"Id":"233e2cf5-4ff7-47c4-b91b-ea172a9fbdb0","Code":"activityNew","Name":"activityNew","ModelId":"adae5fde-3dec-47d5-8ca6-0099585875b7","ModelCode":"activityFormNew_frm","ModelName":"activityFormNew_frm","RelativePath":"Gsp/myapp/activityNew/bo-activitynewfront/metadata/components","FileName":"activityFormNew_frm.vo","ModelType":0},{"Id":"Inspur.Gsp.Bef.Api##Inspur.Gsp.Bef.Api.Parameter.RetrieveParam","Code":"RetrieveParam","Name":"RetrieveParam","ModelId":"Inspur.Gsp.Bef.Api##Inspur.Gsp.Bef.Api.Parameter.RetrieveParam","ModelCode":"RetrieveParam","ModelName":"RetrieveParam","RelativePath":null,"FileName":null,"ModelType":1},{"Id":"Inspur.Ecp.Caf.Common##Inspur.Ecp.Caf.Common.Pagination","Code":"Pagination","Name":"Pagination","ModelId":"Inspur.Ecp.Caf.Common##Inspur.Ecp.Caf.Common.Pagination","ModelCode":"Pagination","ModelName":"Pagination","RelativePath":null,"FileName":null,"ModelType":1},{"Id":"Inspur.Gsp.Web.LookupManager.Api#Inspur.Gsp.Web.LookupManager.LookupResult","Code":"LookupResult","Name":"LookupResult","ModelId":"Inspur.Gsp.Web.LookupManager.Api#Inspur.Gsp.Web.LookupManager.LookupResult","ModelCode":"LookupResult","ModelName":"LookupResult","RelativePath":null,"FileName":null,"ModelType":1}]}]