{"moduleName":null,"summaries":[{"symbol":{"__symbol":0,"members":[]},"metadata":{"__symbolic":"class","members":{"__ctor__":[{"__symbolic":"constructor"}],"position":[{"__symbolic":"property","decorators":[{"__symbolic":"call","expression":{"__symbol":1,"members":[]}}]}],"readonly":[{"__symbolic":"property","decorators":[{"__symbolic":"call","expression":{"__symbol":1,"members":[]}}]}],"disabled":[{"__symbolic":"property","decorators":[{"__symbolic":"call","expression":{"__symbol":1,"members":[]}}]}],"positionChange":[{"__symbolic":"property","decorators":[{"__symbolic":"call","expression":{"__symbol":2,"members":[]}}]}],"ngOnInit":[{"__symbolic":"method"}],"ngOnChanges":[{"__symbolic":"method"}],"setCenter":[{"__symbolic":"method"}]}},"type":{"summaryKind":1,"type":{"reference":{"__symbol":0,"members":[]},"diDeps":[],"lifecycleHooks":[0,3]},"isComponent":true,"selector":"app-map","exportAs":null,"inputs":{"position":"position","readonly":"readonly","disabled":"disabled"},"outputs":{"positionChange":"positionChange"},"hostListeners":{},"hostProperties":{},"hostAttributes":{},"providers":[],"viewProviders":[],"queries":[],"guards":{},"viewQueries":[],"entryComponents":[],"changeDetection":1,"template":{"ngContentSelectors":[],"encapsulation":2,"styles":[],"animations":[]},"componentViewType":{"__symbol":3,"members":[]},"rendererType":{"__symbol":4,"members":[]},"componentFactory":{"__symbol":5,"members":[]}}}],"symbols":[{"__symbol":0,"name":"MapComponent","filePath":"./map.component"},{"__symbol":1,"name":"Input","filePath":"@angular/core"},{"__symbol":2,"name":"Output","filePath":"@angular/core"},{"__symbol":3,"name":"View_MapComponent_0","filePath":"./map.component.ngfactory"},{"__symbol":4,"name":"RenderType_MapComponent","filePath":"./map.component.ngfactory"},{"__symbol":5,"name":"MapComponentNgFactory","filePath":"./map.component.ngfactory"}]}