{"moduleName":null,"summaries":[{"symbol":{"__symbol":0,"members":[]},"metadata":{"__symbolic":"class","members":{"__ctor__":[{"__symbolic":"constructor","parameterDecorators":[null,null,[{"__symbolic":"call","expression":{"__symbol":1,"members":[]}}]],"parameters":[{"__symbol":2,"members":[]},{"__symbol":3,"members":[]},{"__symbol":4,"members":[]}]}],"load":[{"__symbolic":"method"}],"loadFactory":[{"__symbolic":"method"}],"checkNotEmpty":[{"__symbolic":"method"}]}},"type":{"summaryKind":3,"type":{"reference":{"__symbol":0,"members":[]},"diDeps":[{"isAttribute":false,"isHost":false,"isSelf":false,"isSkipSelf":false,"isOptional":false,"token":{"identifier":{"reference":{"__symbol":2,"members":[]}}}},{"isAttribute":false,"isHost":false,"isSelf":false,"isSkipSelf":false,"isOptional":false,"token":{"identifier":{"reference":{"__symbol":3,"members":[]}}}},{"isAttribute":false,"isHost":false,"isSelf":false,"isSkipSelf":false,"isOptional":true,"token":{"identifier":{"reference":{"__symbol":4,"members":[]}}}}],"lifecycleHooks":[]}}}],"symbols":[{"__symbol":0,"name":"SystemjsLcModuleloaderGenerator","filePath":"./systemjs-lc-moduleloader"},{"__symbol":1,"name":"Optional","filePath":"@angular/core"},{"__symbol":2,"name":"HttpClient","filePath":"@angular/common/http/http"},{"__symbol":3,"name":"Compiler","filePath":"@angular/core"},{"__symbol":4,"name":"SystemJsNgModuleLoaderConfig","filePath":"@angular/core"}]}